Inference:   0%|                                                                                                                   | 0/30 [00:00<?, ?it/s][WARN] Skipping prompt (1582 chars): Request timed out.
[WARN] Skipping prompt (1239 chars): Request timed out.
[WARN] Skipping prompt (1067 chars): Request timed out.
[WARN] Skipping prompt (988 chars): Request timed out.
Inference:   3%|███▍                                                                                                  | 1/30 [30:03<14:31:40, 1803.46s/it][WARN] Skipping prompt (1229 chars): Request timed out.
Inference:   7%|██████▊                                                                                               | 2/30 [50:06<11:16:46, 1450.22s/it]Inference:  10%|██████████                                                                                           | 3/30 [1:04:46<8:55:28, 1189.95s/it][WARN] Skipping prompt (1161 chars): Request timed out.
[WARN] Skipping prompt (872 chars): Request timed out.
[WARN] Skipping prompt (1720 chars): Request timed out.
[WARN] Skipping prompt (1611 chars): Request timed out.
[WARN] Skipping prompt (1505 chars): Request timed out.
[WARN] Skipping prompt (1676 chars): Request timed out.
[WARN] Skipping prompt (1048 chars): Request timed out.
[WARN] Skipping prompt (1628 chars): Request timed out.
[WARN] Skipping prompt (1338 chars): Request timed out.
[WARN] Skipping prompt (1623 chars): Request timed out.
[WARN] Skipping prompt (1347 chars): Request timed out.
[WARN] Skipping prompt (1413 chars): Request timed out.
[WARN] Skipping prompt (1343 chars): Request timed out.
[WARN] Skipping prompt (1254 chars): Request timed out.
[WARN] Skipping prompt (1763 chars): Request timed out.
[WARN] Skipping prompt (1125 chars): Request timed out.
[WARN] Skipping prompt (1045 chars): Request timed out.
[WARN] Skipping prompt (1587 chars): Request timed out.
[WARN] Skipping prompt (1594 chars): Request timed out.
[WARN] Skipping prompt (1756 chars): Request timed out.
[WARN] Skipping prompt (1381 chars): Request timed out.
[WARN] Skipping prompt (1602 chars): Request timed out.
[WARN] Skipping prompt (1828 chars): Request timed out.
[WARN] Skipping prompt (1719 chars): Request timed out.
[WARN] Skipping prompt (1527 chars): Request timed out.
[WARN] Skipping prompt (1319 chars): Request timed out.
[WARN] Skipping prompt (1779 chars): Request timed out.
[WARN] Skipping prompt (1429 chars): Request timed out.
[WARN] Skipping prompt (1462 chars): Request timed out.
[WARN] Skipping prompt (1172 chars): Request timed out.
[WARN] Skipping prompt (1281 chars): Request timed out.
[WARN] Skipping prompt (1389 chars): Request timed out.
[WARN] Skipping prompt (1445 chars): Request timed out.
[WARN] Skipping prompt (1515 chars): Request timed out.
[WARN] Skipping prompt (1507 chars): Request timed out.
[WARN] Skipping prompt (1201 chars): Request timed out.
[WARN] Skipping prompt (1605 chars): Request timed out.
[WARN] Skipping prompt (1188 chars): Request timed out.
[WARN] Skipping prompt (1455 chars): Request timed out.
[WARN] Skipping prompt (1522 chars): Request timed out.
[WARN] Skipping prompt (1260 chars): Request timed out.
[WARN] Skipping prompt (1591 chars): Request timed out.
[WARN] Skipping prompt (1446 chars): Request timed out.
[WARN] Skipping prompt (1684 chars): Request timed out.
[WARN] Skipping prompt (1627 chars): Request timed out.
[WARN] Skipping prompt (1648 chars): Request timed out.
[WARN] Skipping prompt (1018 chars): Request timed out.
[WARN] Skipping prompt (1592 chars): Request timed out.
[WARN] Skipping prompt (988 chars): Request timed out.
[WARN] Skipping prompt (1344 chars): Request timed out.
[WARN] Skipping prompt (1820 chars): Request timed out.
[WARN] Skipping prompt (1612 chars): Request timed out.
[WARN] Skipping prompt (1845 chars): Request timed out.
[WARN] Skipping prompt (1556 chars): Request timed out.
[WARN] Skipping prompt (1184 chars): Request timed out.
[WARN] Skipping prompt (1370 chars): Request timed out.
[WARN] Skipping prompt (1119 chars): Request timed out.
[WARN] Skipping prompt (1418 chars): Request timed out.
Inference:  13%|█████████████▎                                                                                      | 4/30 [1:34:49<10:20:34, 1432.09s/it][WARN] Skipping prompt (1245 chars): Request timed out.
[WARN] Skipping prompt (1510 chars): Request timed out.
[WARN] Skipping prompt (1663 chars): Request timed out.
[WARN] Skipping prompt (1925 chars): Request timed out.
[WARN] Skipping prompt (1291 chars): Request timed out.
[WARN] Skipping prompt (1594 chars): Request timed out.
[WARN] Skipping prompt (1474 chars): Request timed out.
[WARN] Skipping prompt (1424 chars): Request timed out.
[WARN] Skipping prompt (1679 chars): Request timed out.
[WARN] Skipping prompt (842 chars): Request timed out.
[WARN] Skipping prompt (1648 chars): Request timed out.
[WARN] Skipping prompt (1704 chars): Request timed out.
[WARN] Skipping prompt (2000 chars): Request timed out.
[WARN] Skipping prompt (1306 chars): Request timed out.
[WARN] Skipping prompt (1598 chars): Request timed out.
[WARN] Skipping prompt (1149 chars): Request timed out.
[WARN] Skipping prompt (1473 chars): Request timed out.
[WARN] Skipping prompt (1248 chars): Request timed out.
[WARN] Skipping prompt (1689 chars): Request timed out.
[WARN] Skipping prompt (1995 chars): Request timed out.
[WARN] Skipping prompt (1734 chars): Request timed out.
[WARN] Skipping prompt (1569 chars): Request timed out.
[WARN] Skipping prompt (1514 chars): Request timed out.
[WARN] Skipping prompt (1612 chars): Request timed out.
[WARN] Skipping prompt (1864 chars): Request timed out.
[WARN] Skipping prompt (1709 chars): Request timed out.
[WARN] Skipping prompt (1040 chars): Request timed out.
[WARN] Skipping prompt (1115 chars): Request timed out.
[WARN] Skipping prompt (1361 chars): Request timed out.
[WARN] Skipping prompt (1773 chars): Request timed out.
[WARN] Skipping prompt (1502 chars): Request timed out.
[WARN] Skipping prompt (1153 chars): Request timed out.
[WARN] Skipping prompt (1704 chars): Request timed out.
[WARN] Skipping prompt (1437 chars): Request timed out.
[WARN] Skipping prompt (1469 chars): Request timed out.
[WARN] Skipping prompt (1686 chars): Request timed out.
[WARN] Skipping prompt (1708 chars): Request timed out.
[WARN] Skipping prompt (1522 chars): Request timed out.
[WARN] Skipping prompt (1264 chars): Request timed out.
[WARN] Skipping prompt (1351 chars): Request timed out.
[WARN] Skipping prompt (1352 chars): Request timed out.
[WARN] Skipping prompt (1248 chars): Request timed out.
[WARN] Skipping prompt (1375 chars): Request timed out.
[WARN] Skipping prompt (1640 chars): Request timed out.
[WARN] Skipping prompt (1625 chars): Request timed out.
[WARN] Skipping prompt (1643 chars): Request timed out.
[WARN] Skipping prompt (1108 chars): Request timed out.
[WARN] Skipping prompt (1636 chars): Request timed out.
[WARN] Skipping prompt (1539 chars): Request timed out.
Inference:  17%|████████████████▋                                                                                   | 5/30 [2:04:53<10:52:29, 1565.98s/it][WARN] Skipping prompt (1060 chars): Request timed out.
[WARN] Skipping prompt (1678 chars): Request timed out.
[WARN] Skipping prompt (1099 chars): Request timed out.
[WARN] Skipping prompt (791 chars): Request timed out.
[WARN] Skipping prompt (1540 chars): Request timed out.
[WARN] Skipping prompt (1713 chars): Request timed out.
[WARN] Skipping prompt (866 chars): Request timed out.
[WARN] Skipping prompt (940 chars): Request timed out.
[WARN] Skipping prompt (1156 chars): Request timed out.
[WARN] Skipping prompt (801 chars): Request timed out.
[WARN] Skipping prompt (995 chars): Request timed out.
[WARN] Skipping prompt (1820 chars): Request timed out.
[WARN] Skipping prompt (1138 chars): Request timed out.
[WARN] Skipping prompt (986 chars): Request timed out.
[WARN] Skipping prompt (950 chars): Request timed out.
[WARN] Skipping prompt (1546 chars): Request timed out.
[WARN] Skipping prompt (977 chars): Request timed out.
[WARN] Skipping prompt (2092 chars): Request timed out.
[WARN] Skipping prompt (1107 chars): Request timed out.
[WARN] Skipping prompt (895 chars): Request timed out.
[WARN] Skipping prompt (1149 chars): Request timed out.
[WARN] Skipping prompt (1189 chars): Request timed out.
[WARN] Skipping prompt (1066 chars): Request timed out.
[WARN] Skipping prompt (981 chars): Request timed out.
[WARN] Skipping prompt (1597 chars): Request timed out.
[WARN] Skipping prompt (1127 chars): Request timed out.
[WARN] Skipping prompt (1121 chars): Request timed out.
[WARN] Skipping prompt (1722 chars): Request timed out.
[WARN] Skipping prompt (1834 chars): Request timed out.
[WARN] Skipping prompt (1245 chars): Request timed out.
[WARN] Skipping prompt (1161 chars): Request timed out.
[WARN] Skipping prompt (968 chars): Request timed out.
[WARN] Skipping prompt (1205 chars): Request timed out.
[WARN] Skipping prompt (925 chars): Request timed out.
[WARN] Skipping prompt (1028 chars): Request timed out.
[WARN] Skipping prompt (1433 chars): Request timed out.
[WARN] Skipping prompt (1119 chars): Request timed out.
[WARN] Skipping prompt (1262 chars): Request timed out.
[WARN] Skipping prompt (951 chars): Request timed out.
[WARN] Skipping prompt (897 chars): Request timed out.
[WARN] Skipping prompt (1589 chars): Request timed out.
[WARN] Skipping prompt (1446 chars): Request timed out.
[WARN] Skipping prompt (1049 chars): Request timed out.
[WARN] Skipping prompt (994 chars): Request timed out.
[WARN] Skipping prompt (1586 chars): Request timed out.
[WARN] Skipping prompt (1189 chars): Request timed out.
[WARN] Skipping prompt (1376 chars): Request timed out.
[WARN] Skipping prompt (940 chars): Request timed out.
[WARN] Skipping prompt (1143 chars): Request timed out.
Inference:  20%|████████████████████                                                                                | 6/30 [2:34:56<10:58:39, 1646.64s/it][WARN] Skipping prompt (1548 chars): Request timed out.
[WARN] Skipping prompt (1383 chars): Request timed out.
[WARN] Skipping prompt (955 chars): Request timed out.
[WARN] Skipping prompt (983 chars): Request timed out.
[WARN] Skipping prompt (1021 chars): Request timed out.
[WARN] Skipping prompt (1057 chars): Request timed out.
[WARN] Skipping prompt (1425 chars): Request timed out.
[WARN] Skipping prompt (1204 chars): Request timed out.
[WARN] Skipping prompt (1652 chars): Request timed out.
[WARN] Skipping prompt (985 chars): Request timed out.
[WARN] Skipping prompt (1530 chars): Request timed out.
[WARN] Skipping prompt (848 chars): Request timed out.
[WARN] Skipping prompt (1359 chars): Request timed out.
[WARN] Skipping prompt (1153 chars): Request timed out.
[WARN] Skipping prompt (1079 chars): Request timed out.
[WARN] Skipping prompt (1066 chars): Request timed out.
[WARN] Skipping prompt (1379 chars): Request timed out.
[WARN] Skipping prompt (1418 chars): Request timed out.
[WARN] Skipping prompt (972 chars): Request timed out.
[WARN] Skipping prompt (1097 chars): Request timed out.
[WARN] Skipping prompt (1401 chars): Request timed out.
[WARN] Skipping prompt (1044 chars): Request timed out.
[WARN] Skipping prompt (989 chars): Request timed out.
[WARN] Skipping prompt (1470 chars): Request timed out.
[WARN] Skipping prompt (1548 chars): Request timed out.
[WARN] Skipping prompt (1137 chars): Request timed out.
[WARN] Skipping prompt (950 chars): Request timed out.
[WARN] Skipping prompt (1026 chars): Request timed out.
[WARN] Skipping prompt (1180 chars): Request timed out.
[WARN] Skipping prompt (1346 chars): Request timed out.
[WARN] Skipping prompt (1573 chars): Request timed out.
[WARN] Skipping prompt (901 chars): Request timed out.
[WARN] Skipping prompt (1009 chars): Request timed out.
[WARN] Skipping prompt (1172 chars): Request timed out.
[WARN] Skipping prompt (1777 chars): Request timed out.
[WARN] Skipping prompt (2084 chars): Request timed out.
[WARN] Skipping prompt (1543 chars): Request timed out.
[WARN] Skipping prompt (1083 chars): Request timed out.
[WARN] Skipping prompt (927 chars): Request timed out.
[WARN] Skipping prompt (841 chars): Request timed out.
[WARN] Skipping prompt (1007 chars): Request timed out.
[WARN] Skipping prompt (1361 chars): Request timed out.
[WARN] Skipping prompt (1183 chars): Request timed out.
[WARN] Skipping prompt (825 chars): Request timed out.
[WARN] Skipping prompt (978 chars): Request timed out.
[WARN] Skipping prompt (944 chars): Request timed out.
[WARN] Skipping prompt (1212 chars): Request timed out.
[WARN] Skipping prompt (1327 chars): Request timed out.
[WARN] Skipping prompt (1132 chars): Request timed out.
[WARN] Skipping prompt (785 chars): Request timed out.
Inference:  23%|███████████████████████▎                                                                            | 7/30 [3:04:59<10:50:50, 1697.85s/it][WARN] Skipping prompt (847 chars): Request timed out.
[WARN] Skipping prompt (1062 chars): Request timed out.
[WARN] Skipping prompt (987 chars): Request timed out.
[WARN] Skipping prompt (1271 chars): Request timed out.
[WARN] Skipping prompt (935 chars): Request timed out.
[WARN] Skipping prompt (969 chars): Request timed out.
[WARN] Skipping prompt (784 chars): Request timed out.
[WARN] Skipping prompt (1029 chars): Request timed out.
[WARN] Skipping prompt (1507 chars): Request timed out.
[WARN] Skipping prompt (979 chars): Request timed out.
[WARN] Skipping prompt (775 chars): Request timed out.
[WARN] Skipping prompt (1782 chars): Request timed out.
[WARN] Skipping prompt (1093 chars): Request timed out.
[WARN] Skipping prompt (1058 chars): Request timed out.
[WARN] Skipping prompt (924 chars): Request timed out.
[WARN] Skipping prompt (1590 chars): Request timed out.
[WARN] Skipping prompt (974 chars): Request timed out.
[WARN] Skipping prompt (1260 chars): Request timed out.
[WARN] Skipping prompt (1189 chars): Request timed out.
[WARN] Skipping prompt (1453 chars): Request timed out.
[WARN] Skipping prompt (764 chars): Request timed out.
[WARN] Skipping prompt (1796 chars): Request timed out.
[WARN] Skipping prompt (1223 chars): Request timed out.
[WARN] Skipping prompt (1026 chars): Request timed out.
[WARN] Skipping prompt (1052 chars): Request timed out.
[WARN] Skipping prompt (1440 chars): Request timed out.
[WARN] Skipping prompt (1207 chars): Request timed out.
[WARN] Skipping prompt (1333 chars): Request timed out.
[WARN] Skipping prompt (1783 chars): Request timed out.
[WARN] Skipping prompt (1545 chars): Request timed out.
[WARN] Skipping prompt (1144 chars): Request timed out.
[WARN] Skipping prompt (1182 chars): Request timed out.
[WARN] Skipping prompt (974 chars): Request timed out.
[WARN] Skipping prompt (1578 chars): Request timed out.
[WARN] Skipping prompt (1169 chars): Request timed out.
[WARN] Skipping prompt (990 chars): Request timed out.
[WARN] Skipping prompt (1027 chars): Request timed out.
[WARN] Skipping prompt (1459 chars): Request timed out.
[WARN] Skipping prompt (1386 chars): Request timed out.
[WARN] Skipping prompt (1262 chars): Request timed out.
[WARN] Skipping prompt (1440 chars): Request timed out.
[WARN] Skipping prompt (966 chars): Request timed out.
[WARN] Skipping prompt (1080 chars): Request timed out.
[WARN] Skipping prompt (1296 chars): Request timed out.
[WARN] Skipping prompt (1573 chars): Request timed out.
[WARN] Skipping prompt (1165 chars): Request timed out.
[WARN] Skipping prompt (1190 chars): Request timed out.
[WARN] Skipping prompt (951 chars): Request timed out.
[WARN] Skipping prompt (1166 chars): Request timed out.
[WARN] Skipping prompt (962 chars): Request timed out.
Inference:  27%|██████████████████████████▋                                                                         | 8/30 [3:35:03<10:34:50, 1731.40s/it][WARN] Skipping prompt (1084 chars): Request timed out.
[WARN] Skipping prompt (1629 chars): Request timed out.
[WARN] Skipping prompt (1677 chars): Request timed out.
[WARN] Skipping prompt (1414 chars): Request timed out.
[WARN] Skipping prompt (1860 chars): Request timed out.
[WARN] Skipping prompt (1163 chars): Request timed out.
[WARN] Skipping prompt (1089 chars): Request timed out.
[WARN] Skipping prompt (1378 chars): Request timed out.
[WARN] Skipping prompt (1171 chars): Request timed out.
[WARN] Skipping prompt (1363 chars): Request timed out.
[WARN] Skipping prompt (1018 chars): Request timed out.
[WARN] Skipping prompt (1223 chars): Request timed out.
[WARN] Skipping prompt (1799 chars): Request timed out.
[WARN] Skipping prompt (1010 chars): Request timed out.
[WARN] Skipping prompt (1063 chars): Request timed out.
[WARN] Skipping prompt (925 chars): Request timed out.
[WARN] Skipping prompt (1790 chars): Request timed out.
[WARN] Skipping prompt (1521 chars): Request timed out.
[WARN] Skipping prompt (1308 chars): Request timed out.
[WARN] Skipping prompt (1983 chars): Request timed out.
[WARN] Skipping prompt (1520 chars): Request timed out.
[WARN] Skipping prompt (825 chars): Request timed out.
[WARN] Skipping prompt (766 chars): Request timed out.
[WARN] Skipping prompt (1763 chars): Request timed out.
[WARN] Skipping prompt (1642 chars): Request timed out.
[WARN] Skipping prompt (1785 chars): Request timed out.
[WARN] Skipping prompt (1292 chars): Request timed out.
[WARN] Skipping prompt (906 chars): Request timed out.
[WARN] Skipping prompt (1118 chars): Request timed out.
[WARN] Skipping prompt (974 chars): Request timed out.
[WARN] Skipping prompt (1302 chars): Request timed out.
[WARN] Skipping prompt (1665 chars): Request timed out.
[WARN] Skipping prompt (1392 chars): Request timed out.
[WARN] Skipping prompt (1825 chars): Request timed out.
[WARN] Skipping prompt (1049 chars): Request timed out.
[WARN] Skipping prompt (1315 chars): Request timed out.
[WARN] Skipping prompt (1527 chars): Request timed out.
[WARN] Skipping prompt (1735 chars): Request timed out.
[WARN] Skipping prompt (1158 chars): Request timed out.
[WARN] Skipping prompt (1846 chars): Request timed out.
[WARN] Skipping prompt (1406 chars): Request timed out.
[WARN] Skipping prompt (1605 chars): Request timed out.
[WARN] Skipping prompt (891 chars): Request timed out.
[WARN] Skipping prompt (1400 chars): Request timed out.
[WARN] Skipping prompt (1172 chars): Request timed out.
[WARN] Skipping prompt (1123 chars): Request timed out.
[WARN] Skipping prompt (1265 chars): Request timed out.
[WARN] Skipping prompt (1237 chars): Request timed out.
[WARN] Skipping prompt (926 chars): Request timed out.
Inference:  30%|██████████████████████████████                                                                      | 9/30 [4:05:06<10:13:51, 1753.86s/it][WARN] Skipping prompt (1529 chars): Request timed out.
[WARN] Skipping prompt (1649 chars): Request timed out.
[WARN] Skipping prompt (1606 chars): Request timed out.
[WARN] Skipping prompt (1218 chars): Request timed out.
[WARN] Skipping prompt (1604 chars): Request timed out.
[WARN] Skipping prompt (1421 chars): Request timed out.
[WARN] Skipping prompt (1639 chars): Request timed out.
[WARN] Skipping prompt (905 chars): Request timed out.
[WARN] Skipping prompt (1670 chars): Request timed out.
[WARN] Skipping prompt (1589 chars): Request timed out.
[WARN] Skipping prompt (1411 chars): Request timed out.
[WARN] Skipping prompt (1688 chars): Request timed out.
[WARN] Skipping prompt (1770 chars): Request timed out.
[WARN] Skipping prompt (925 chars): Request timed out.
[WARN] Skipping prompt (1417 chars): Request timed out.
[WARN] Skipping prompt (1043 chars): Request timed out.
[WARN] Skipping prompt (1823 chars): Request timed out.
[WARN] Skipping prompt (1031 chars): Request timed out.
[WARN] Skipping prompt (898 chars): Request timed out.
[WARN] Skipping prompt (1327 chars): Request timed out.
[WARN] Skipping prompt (1062 chars): Request timed out.
[WARN] Skipping prompt (1420 chars): Request timed out.
[WARN] Skipping prompt (1721 chars): Request timed out.
[WARN] Skipping prompt (1245 chars): Request timed out.
[WARN] Skipping prompt (1820 chars): Request timed out.
[WARN] Skipping prompt (1639 chars): Request timed out.
[WARN] Skipping prompt (1608 chars): Request timed out.
[WARN] Skipping prompt (1783 chars): Request timed out.
[WARN] Skipping prompt (1648 chars): Request timed out.
[WARN] Skipping prompt (1435 chars): Request timed out.
[WARN] Skipping prompt (1028 chars): Request timed out.
[WARN] Skipping prompt (1376 chars): Request timed out.
[WARN] Skipping prompt (1769 chars): Request timed out.
[WARN] Skipping prompt (1395 chars): Request timed out.
[WARN] Skipping prompt (1371 chars): Request timed out.
[WARN] Skipping prompt (1542 chars): Request timed out.
[WARN] Skipping prompt (1622 chars): Request timed out.
[WARN] Skipping prompt (1894 chars): Request timed out.
[WARN] Skipping prompt (1808 chars): Request timed out.
[WARN] Skipping prompt (1099 chars): Request timed out.
[WARN] Skipping prompt (1477 chars): Request timed out.
[WARN] Skipping prompt (1609 chars): Request timed out.
[WARN] Skipping prompt (800 chars): Request timed out.
[WARN] Skipping prompt (1185 chars): Request timed out.
[WARN] Skipping prompt (1237 chars): Request timed out.
[WARN] Skipping prompt (1572 chars): Request timed out.
[WARN] Skipping prompt (1884 chars): Request timed out.
[WARN] Skipping prompt (1672 chars): Request timed out.
[WARN] Skipping prompt (955 chars): Request timed out.
Inference:  33%|█████████████████████████████████▎                                                                  | 10/30 [4:35:09<9:49:42, 1769.12s/it][WARN] Skipping prompt (1641 chars): Error code: 500 - {'error': {'message': 'EngineCore encountered an issue. See stack trace (above) for the root cause.', 'type': 'InternalServerError', 'param': None, 'code': 500}}
[WARN] Skipping prompt (1262 chars): Error code: 500 - {'error': {'message': 'EngineCore encountered an issue. See stack trace (above) for the root cause.', 'type': 'InternalServerError', 'param': None, 'code': 500}}
[WARN] Skipping prompt (918 chars): Error code: 500 - {'error': {'message': 'EngineCore encountered an issue. See stack trace (above) for the root cause.', 'type': 'InternalServerError', 'param': None, 'code': 500}}
[WARN] Skipping prompt (1293 chars): Error code: 500 - {'error': {'message': 'EngineCore encountered an issue. See stack trace (above) for the root cause.', 'type': 'InternalServerError', 'param': None, 'code': 500}}
[WARN] Skipping prompt (1202 chars): Error code: 500 - {'error': {'message': 'EngineCore encountered an issue. See stack trace (above) for the root cause.', 'type': 'InternalServerError', 'param': None, 'code': 500}}
[WARN] Skipping prompt (867 chars): Error code: 500 - {'error': {'message': 'EngineCore encountered an issue. See stack trace (above) for the root cause.', 'type': 'InternalServerError', 'param': None, 'code': 500}}
[WARN] Skipping prompt (1065 chars): Error code: 500 - {'error': {'message': 'EngineCore encountered an issue. See stack trace (above) for the root cause.', 'type': 'InternalServerError', 'param': None, 'code': 500}}
[WARN] Skipping prompt (844 chars): Error code: 500 - {'error': {'message': 'EngineCore encountered an issue. See stack trace (above) for the root cause.', 'type': 'InternalServerError', 'param': None, 'code': 500}}
[WARN] Skipping prompt (1102 chars): Error code: 500 - {'error': {'message': 'EngineCore encountered an issue. See stack trace (above) for the root cause.', 'type': 'InternalServerError', 'param': None, 'code': 500}}
[WARN] Skipping prompt (1054 chars): Error code: 500 - {'error': {'message': 'EngineCore encountered an issue. See stack trace (above) for the root cause.', 'type': 'InternalServerError', 'param': None, 'code': 500}}
[WARN] Skipping prompt (1555 chars): Error code: 500 - {'error': {'message': 'EngineCore encountered an issue. See stack trace (above) for the root cause.', 'type': 'InternalServerError', 'param': None, 'code': 500}}
[WARN] Skipping prompt (1508 chars): Error code: 500 - {'error': {'message': 'EngineCore encountered an issue. See stack trace (above) for the root cause.', 'type': 'InternalServerError', 'param': None, 'code': 500}}
[WARN] Skipping prompt (1224 chars): Error code: 500 - {'error': {'message': 'EngineCore encountered an issue. See stack trace (above) for the root cause.', 'type': 'InternalServerError', 'param': None, 'code': 500}}
[WARN] Skipping prompt (1780 chars): Error code: 500 - {'error': {'message': 'EngineCore encountered an issue. See stack trace (above) for the root cause.', 'type': 'InternalServerError', 'param': None, 'code': 500}}
[WARN] Skipping prompt (1178 chars): Error code: 500 - {'error': {'message': 'EngineCore encountered an issue. See stack trace (above) for the root cause.', 'type': 'InternalServerError', 'param': None, 'code': 500}}
[WARN] Skipping prompt (1072 chars): Error code: 500 - {'error': {'message': 'EngineCore encountered an issue. See stack trace (above) for the root cause.', 'type': 'InternalServerError', 'param': None, 'code': 500}}
[WARN] Skipping prompt (1109 chars): Error code: 500 - {'error': {'message': 'EngineCore encountered an issue. See stack trace (above) for the root cause.', 'type': 'InternalServerError', 'param': None, 'code': 500}}
[WARN] Skipping prompt (877 chars): Error code: 500 - {'error': {'message': 'EngineCore encountered an issue. See stack trace (above) for the root cause.', 'type': 'InternalServerError', 'param': None, 'code': 500}}
[WARN] Skipping prompt (883 chars): Error code: 500 - {'error': {'message': 'EngineCore encountered an issue. See stack trace (above) for the root cause.', 'type': 'InternalServerError', 'param': None, 'code': 500}}
[WARN] Skipping prompt (1036 chars): Error code: 500 - {'error': {'message': 'EngineCore encountered an issue. See stack trace (above) for the root cause.', 'type': 'InternalServerError', 'param': None, 'code': 500}}
[WARN] Skipping prompt (943 chars): Error code: 500 - {'error': {'message': 'EngineCore encountered an issue. See stack trace (above) for the root cause.', 'type': 'InternalServerError', 'param': None, 'code': 500}}
[WARN] Skipping prompt (1126 chars): Error code: 500 - {'error': {'message': 'EngineCore encountered an issue. See stack trace (above) for the root cause.', 'type': 'InternalServerError', 'param': None, 'code': 500}}
[WARN] Skipping prompt (1587 chars): Error code: 500 - {'error': {'message': 'EngineCore encountered an issue. See stack trace (above) for the root cause.', 'type': 'InternalServerError', 'param': None, 'code': 500}}
[WARN] Skipping prompt (1125 chars): Error code: 500 - {'error': {'message': 'EngineCore encountered an issue. See stack trace (above) for the root cause.', 'type': 'InternalServerError', 'param': None, 'code': 500}}
[WARN] Skipping prompt (1059 chars): Error code: 500 - {'error': {'message': 'EngineCore encountered an issue. See stack trace (above) for the root cause.', 'type': 'InternalServerError', 'param': None, 'code': 500}}
[WARN] Skipping prompt (1539 chars): Error code: 500 - {'error': {'message': 'EngineCore encountered an issue. See stack trace (above) for the root cause.', 'type': 'InternalServerError', 'param': None, 'code': 500}}
[WARN] Skipping prompt (1131 chars): Error code: 500 - {'error': {'message': 'EngineCore encountered an issue. See stack trace (above) for the root cause.', 'type': 'InternalServerError', 'param': None, 'code': 500}}
[WARN] Skipping prompt (1480 chars): Error code: 500 - {'error': {'message': 'EngineCore encountered an issue. See stack trace (above) for the root cause.', 'type': 'InternalServerError', 'param': None, 'code': 500}}
[WARN] Skipping prompt (1295 chars): Error code: 500 - {'error': {'message': 'EngineCore encountered an issue. See stack trace (above) for the root cause.', 'type': 'InternalServerError', 'param': None, 'code': 500}}
[WARN] Skipping prompt (951 chars): Error code: 500 - {'error': {'message': 'EngineCore encountered an issue. See stack trace (above) for the root cause.', 'type': 'InternalServerError', 'param': None, 'code': 500}}
[WARN] Skipping prompt (1073 chars): Error code: 500 - {'error': {'message': 'EngineCore encountered an issue. See stack trace (above) for the root cause.', 'type': 'InternalServerError', 'param': None, 'code': 500}}
[WARN] Skipping prompt (1284 chars): Error code: 500 - {'error': {'message': 'EngineCore encountered an issue. See stack trace (above) for the root cause.', 'type': 'InternalServerError', 'param': None, 'code': 500}}
[WARN] Skipping prompt (924 chars): Error code: 500 - {'error': {'message': 'EngineCore encountered an issue. See stack trace (above) for the root cause.', 'type': 'InternalServerError', 'param': None, 'code': 500}}
[WARN] Skipping prompt (1396 chars): Error code: 500 - {'error': {'message': 'EngineCore encountered an issue. See stack trace (above) for the root cause.', 'type': 'InternalServerError', 'param': None, 'code': 500}}
[WARN] Skipping prompt (1669 chars): Error code: 500 - {'error': {'message': 'EngineCore encountered an issue. See stack trace (above) for the root cause.', 'type': 'InternalServerError', 'param': None, 'code': 500}}
[WARN] Skipping prompt (1271 chars): Error code: 500 - {'error': {'message': 'EngineCore encountered an issue. See stack trace (above) for the root cause.', 'type': 'InternalServerError', 'param': None, 'code': 500}}
[WARN] Skipping prompt (836 chars): Error code: 500 - {'error': {'message': 'EngineCore encountered an issue. See stack trace (above) for the root cause.', 'type': 'InternalServerError', 'param': None, 'code': 500}}
[WARN] Skipping prompt (932 chars): Error code: 500 - {'error': {'message': 'EngineCore encountered an issue. See stack trace (above) for the root cause.', 'type': 'InternalServerError', 'param': None, 'code': 500}}
[WARN] Skipping prompt (1173 chars): Error code: 500 - {'error': {'message': 'EngineCore encountered an issue. See stack trace (above) for the root cause.', 'type': 'InternalServerError', 'param': None, 'code': 500}}
[WARN] Skipping prompt (1395 chars): Error code: 500 - {'error': {'message': 'EngineCore encountered an issue. See stack trace (above) for the root cause.', 'type': 'InternalServerError', 'param': None, 'code': 500}}
[WARN] Skipping prompt (1682 chars): Error code: 500 - {'error': {'message': 'EngineCore encountered an issue. See stack trace (above) for the root cause.', 'type': 'InternalServerError', 'param': None, 'code': 500}}
[WARN] Skipping prompt (1326 chars): Error code: 500 - {'error': {'message': 'EngineCore encountered an issue. See stack trace (above) for the root cause.', 'type': 'InternalServerError', 'param': None, 'code': 500}}
[WARN] Skipping prompt (1222 chars): Error code: 500 - {'error': {'message': 'EngineCore encountered an issue. See stack trace (above) for the root cause.', 'type': 'InternalServerError', 'param': None, 'code': 500}}
[WARN] Skipping prompt (997 chars): Error code: 500 - {'error': {'message': 'EngineCore encountered an issue. See stack trace (above) for the root cause.', 'type': 'InternalServerError', 'param': None, 'code': 500}}
[WARN] Skipping prompt (1054 chars): Error code: 500 - {'error': {'message': 'EngineCore encountered an issue. See stack trace (above) for the root cause.', 'type': 'InternalServerError', 'param': None, 'code': 500}}
[WARN] Skipping prompt (1260 chars): Error code: 500 - {'error': {'message': 'EngineCore encountered an issue. See stack trace (above) for the root cause.', 'type': 'InternalServerError', 'param': None, 'code': 500}}
[WARN] Skipping prompt (1032 chars): Error code: 500 - {'error': {'message': 'EngineCore encountered an issue. See stack trace (above) for the root cause.', 'type': 'InternalServerError', 'param': None, 'code': 500}}
[WARN] Skipping prompt (1697 chars): Error code: 500 - {'error': {'message': 'EngineCore encountered an issue. See stack trace (above) for the root cause.', 'type': 'InternalServerError', 'param': None, 'code': 500}}
[WARN] Skipping prompt (1489 chars): Error code: 500 - {'error': {'message': 'EngineCore encountered an issue. See stack trace (above) for the root cause.', 'type': 'InternalServerError', 'param': None, 'code': 500}}
Inference:  37%|████████████████████████████████████▋                                                               | 11/30 [5:00:30<8:56:12, 1693.30s/it][WARN] Skipping prompt (1117 chars): Connection error.
[WARN] Skipping prompt (1259 chars): Connection error.
[WARN] Skipping prompt (1239 chars): Connection error.
[WARN] Skipping prompt (1723 chars): Connection error.
[WARN] Skipping prompt (1282 chars): Connection error.
[WARN] Skipping prompt (1185 chars): Connection error.
[WARN] Skipping prompt (1016 chars): Connection error.
[WARN] Skipping prompt (1473 chars): Connection error.
[WARN] Skipping prompt (1594 chars): Connection error.
[WARN] Skipping prompt (1329 chars): Connection error.
[WARN] Skipping prompt (1243 chars): Connection error.
[WARN] Skipping prompt (1363 chars): Connection error.
[WARN] Skipping prompt (1445 chars): Connection error.
[WARN] Skipping prompt (1383 chars): Connection error.
[WARN] Skipping prompt (1664 chars): Connection error.
[WARN] Skipping prompt (1178 chars): Connection error.
[WARN] Skipping prompt (1417 chars): Connection error.
[WARN] Skipping prompt (1440 chars): Connection error.
[WARN] Skipping prompt (1487 chars): Connection error.
[WARN] Skipping prompt (1383 chars): Connection error.
[WARN] Skipping prompt (1605 chars): Connection error.
[WARN] Skipping prompt (1747 chars): Connection error.
[WARN] Skipping prompt (1476 chars): Connection error.
[WARN] Skipping prompt (1480 chars): Connection error.
[WARN] Skipping prompt (1842 chars): Connection error.
[WARN] Skipping prompt (1126 chars): Connection error.
[WARN] Skipping prompt (1188 chars): Connection error.
[WARN] Skipping prompt (1048 chars): Connection error.
[WARN] Skipping prompt (1644 chars): Connection error.
[WARN] Skipping prompt (1937 chars): Connection error.
[WARN] Skipping prompt (1861 chars): Connection error.
[WARN] Skipping prompt (1510 chars): Connection error.
[WARN] Skipping prompt (1474 chars): Connection error.
[WARN] Skipping prompt (1299 chars): Connection error.
[WARN] Skipping prompt (1811 chars): Connection error.
[WARN] Skipping prompt (1299 chars): Connection error.
[WARN] Skipping prompt (1744 chars): Connection error.
[WARN] Skipping prompt (1252 chars): Connection error.
[WARN] Skipping prompt (1490 chars): Connection error.
[WARN] Skipping prompt (1734 chars): Connection error.
[WARN] Skipping prompt (1716 chars): Connection error.
[WARN] Skipping prompt (1799 chars): Connection error.
[WARN] Skipping prompt (1608 chars): Connection error.
[WARN] Skipping prompt (1235 chars): Connection error.
[WARN] Skipping prompt (1461 chars): Connection error.
[WARN] Skipping prompt (1322 chars): Connection error.
[WARN] Skipping prompt (1182 chars): Connection error.
[WARN] Skipping prompt (1451 chars): Connection error.
[WARN] Skipping prompt (1280 chars): Connection error.
[WARN] Skipping prompt (1241 chars): Connection error.
[WARN] Skipping prompt (1331 chars): Connection error.
[WARN] Skipping prompt (2091 chars): Connection error.
[WARN] Skipping prompt (1394 chars): Connection error.
[WARN] Skipping prompt (1038 chars): Connection error.
[WARN] Skipping prompt (1284 chars): Connection error.
[WARN] Skipping prompt (1929 chars): Connection error.
[WARN] Skipping prompt (1335 chars): Connection error.
[WARN] Skipping prompt (2013 chars): Connection error.
[WARN] Skipping prompt (2147 chars): Connection error.
[WARN] Skipping prompt (1316 chars): Connection error.
[WARN] Skipping prompt (1485 chars): Connection error.
[WARN] Skipping prompt (1720 chars): Connection error.
[WARN] Skipping prompt (1055 chars): Connection error.
[WARN] Skipping prompt (1272 chars): Connection error.
Inference:  40%|████████████████████████████████████████                                                            | 12/30 [5:00:34<5:53:45, 1179.17s/it][WARN] Skipping prompt (1484 chars): Connection error.
[WARN] Skipping prompt (1755 chars): Connection error.
[WARN] Skipping prompt (1232 chars): Connection error.
[WARN] Skipping prompt (1775 chars): Connection error.
[WARN] Skipping prompt (1495 chars): Connection error.
[WARN] Skipping prompt (1041 chars): Connection error.
[WARN] Skipping prompt (1403 chars): Connection error.
[WARN] Skipping prompt (1787 chars): Connection error.
[WARN] Skipping prompt (1363 chars): Connection error.
[WARN] Skipping prompt (1543 chars): Connection error.
[WARN] Skipping prompt (1688 chars): Connection error.
[WARN] Skipping prompt (1793 chars): Connection error.
[WARN] Skipping prompt (1638 chars): Connection error.
[WARN] Skipping prompt (1388 chars): Connection error.
[WARN] Skipping prompt (1657 chars): Connection error.
[WARN] Skipping prompt (1823 chars): Connection error.
[WARN] Skipping prompt (1254 chars): Connection error.
[WARN] Skipping prompt (1359 chars): Connection error.
[WARN] Skipping prompt (2085 chars): Connection error.
[WARN] Skipping prompt (1395 chars): Connection error.
[WARN] Skipping prompt (1460 chars): Connection error.
[WARN] Skipping prompt (1748 chars): Connection error.
[WARN] Skipping prompt (1778 chars): Connection error.
[WARN] Skipping prompt (1937 chars): Connection error.
[WARN] Skipping prompt (1322 chars): Connection error.
[WARN] Skipping prompt (1613 chars): Connection error.
[WARN] Skipping prompt (1557 chars): Connection error.
[WARN] Skipping prompt (1548 chars): Connection error.
[WARN] Skipping prompt (1691 chars): Connection error.
[WARN] Skipping prompt (1982 chars): Connection error.
[WARN] Skipping prompt (1347 chars): Connection error.
[WARN] Skipping prompt (1519 chars): Connection error.
[WARN] Skipping prompt (1491 chars): Connection error.
[WARN] Skipping prompt (1692 chars): Connection error.
[WARN] Skipping prompt (1363 chars): Connection error.
[WARN] Skipping prompt (1819 chars): Connection error.
[WARN] Skipping prompt (1508 chars): Connection error.
[WARN] Skipping prompt (2051 chars): Connection error.
[WARN] Skipping prompt (1591 chars): Connection error.
[WARN] Skipping prompt (1817 chars): Connection error.
[WARN] Skipping prompt (1945 chars): Connection error.
[WARN] Skipping prompt (1371 chars): Connection error.
[WARN] Skipping prompt (1461 chars): Connection error.
[WARN] Skipping prompt (1611 chars): Connection error.
[WARN] Skipping prompt (1438 chars): Connection error.
[WARN] Skipping prompt (1689 chars): Connection error.
[WARN] Skipping prompt (2050 chars): Connection error.
[WARN] Skipping prompt (1240 chars): Connection error.
[WARN] Skipping prompt (1152 chars): Connection error.
[WARN] Skipping prompt (1347 chars): Connection error.
[WARN] Skipping prompt (1447 chars): Connection error.
[WARN] Skipping prompt (1320 chars): Connection error.
[WARN] Skipping prompt (1668 chars): Connection error.
[WARN] Skipping prompt (1435 chars): Connection error.
[WARN] Skipping prompt (1757 chars): Connection error.
[WARN] Skipping prompt (1537 chars): Connection error.
[WARN] Skipping prompt (1360 chars): Connection error.
[WARN] Skipping prompt (2044 chars): Connection error.
[WARN] Skipping prompt (1423 chars): Connection error.
[WARN] Skipping prompt (1681 chars): Connection error.
[WARN] Skipping prompt (1024 chars): Connection error.
[WARN] Skipping prompt (1754 chars): Connection error.
[WARN] Skipping prompt (1594 chars): Connection error.
[WARN] Skipping prompt (2524 chars): Connection error.
Inference:  43%|███████████████████████████████████████████▊                                                         | 13/30 [5:00:37<3:53:09, 822.93s/it][WARN] Skipping prompt (1625 chars): Connection error.
[WARN] Skipping prompt (1646 chars): Connection error.
[WARN] Skipping prompt (1718 chars): Connection error.
[WARN] Skipping prompt (1591 chars): Connection error.
[WARN] Skipping prompt (1507 chars): Connection error.
[WARN] Skipping prompt (1611 chars): Connection error.
[WARN] Skipping prompt (1170 chars): Connection error.
[WARN] Skipping prompt (1101 chars): Connection error.
[WARN] Skipping prompt (1506 chars): Connection error.
[WARN] Skipping prompt (1552 chars): Connection error.
[WARN] Skipping prompt (1062 chars): Connection error.
[WARN] Skipping prompt (1980 chars): Connection error.
[WARN] Skipping prompt (1838 chars): Connection error.
[WARN] Skipping prompt (1916 chars): Connection error.
[WARN] Skipping prompt (1886 chars): Connection error.
[WARN] Skipping prompt (1778 chars): Connection error.
[WARN] Skipping prompt (1339 chars): Connection error.
[WARN] Skipping prompt (1707 chars): Connection error.
[WARN] Skipping prompt (1649 chars): Connection error.
[WARN] Skipping prompt (1515 chars): Connection error.
[WARN] Skipping prompt (1570 chars): Connection error.
[WARN] Skipping prompt (1468 chars): Connection error.
[WARN] Skipping prompt (1356 chars): Connection error.
[WARN] Skipping prompt (1533 chars): Connection error.
[WARN] Skipping prompt (1439 chars): Connection error.
[WARN] Skipping prompt (1723 chars): Connection error.
[WARN] Skipping prompt (1525 chars): Connection error.
[WARN] Skipping prompt (1449 chars): Connection error.
[WARN] Skipping prompt (1621 chars): Connection error.
[WARN] Skipping prompt (1371 chars): Connection error.
[WARN] Skipping prompt (1163 chars): Connection error.
[WARN] Skipping prompt (1615 chars): Connection error.
[WARN] Skipping prompt (1503 chars): Connection error.
[WARN] Skipping prompt (1723 chars): Connection error.
[WARN] Skipping prompt (1794 chars): Connection error.
[WARN] Skipping prompt (1688 chars): Connection error.
[WARN] Skipping prompt (1595 chars): Connection error.
[WARN] Skipping prompt (1908 chars): Connection error.
[WARN] Skipping prompt (1635 chars): Connection error.
[WARN] Skipping prompt (1439 chars): Connection error.
[WARN] Skipping prompt (2030 chars): Connection error.
[WARN] Skipping prompt (1631 chars): Connection error.
[WARN] Skipping prompt (1303 chars): Connection error.
[WARN] Skipping prompt (2331 chars): Connection error.
[WARN] Skipping prompt (1705 chars): Connection error.
[WARN] Skipping prompt (1341 chars): Connection error.
[WARN] Skipping prompt (1697 chars): Connection error.
[WARN] Skipping prompt (1551 chars): Connection error.
[WARN] Skipping prompt (1833 chars): Connection error.
[WARN] Skipping prompt (1541 chars): Connection error.
[WARN] Skipping prompt (1812 chars): Connection error.
[WARN] Skipping prompt (2023 chars): Connection error.
[WARN] Skipping prompt (1765 chars): Connection error.
[WARN] Skipping prompt (2208 chars): Connection error.
[WARN] Skipping prompt (1481 chars): Connection error.
[WARN] Skipping prompt (1735 chars): Connection error.
[WARN] Skipping prompt (1910 chars): Connection error.
[WARN] Skipping prompt (1772 chars): Connection error.
[WARN] Skipping prompt (1573 chars): Connection error.
[WARN] Skipping prompt (1962 chars): Connection error.
[WARN] Skipping prompt (1383 chars): Connection error.
[WARN] Skipping prompt (1662 chars): Connection error.
[WARN] Skipping prompt (1746 chars): Connection error.
[WARN] Skipping prompt (2125 chars): Connection error.
Inference:  47%|███████████████████████████████████████████████▏                                                     | 14/30 [5:00:40<2:33:24, 575.31s/it][WARN] Skipping prompt (1553 chars): Connection error.
[WARN] Skipping prompt (2219 chars): Connection error.
[WARN] Skipping prompt (1579 chars): Connection error.
[WARN] Skipping prompt (2011 chars): Connection error.
[WARN] Skipping prompt (1322 chars): Connection error.
[WARN] Skipping prompt (1487 chars): Connection error.
[WARN] Skipping prompt (1428 chars): Connection error.
[WARN] Skipping prompt (1738 chars): Connection error.
[WARN] Skipping prompt (1440 chars): Connection error.
[WARN] Skipping prompt (1692 chars): Connection error.
[WARN] Skipping prompt (1882 chars): Connection error.
[WARN] Skipping prompt (1969 chars): Connection error.
[WARN] Skipping prompt (2031 chars): Connection error.
[WARN] Skipping prompt (1602 chars): Connection error.
[WARN] Skipping prompt (2130 chars): Connection error.
[WARN] Skipping prompt (1262 chars): Connection error.
[WARN] Skipping prompt (1440 chars): Connection error.
[WARN] Skipping prompt (1415 chars): Connection error.
[WARN] Skipping prompt (1680 chars): Connection error.
[WARN] Skipping prompt (1726 chars): Connection error.
[WARN] Skipping prompt (1072 chars): Connection error.
[WARN] Skipping prompt (1826 chars): Connection error.
[WARN] Skipping prompt (1971 chars): Connection error.
[WARN] Skipping prompt (1736 chars): Connection error.
[WARN] Skipping prompt (1753 chars): Connection error.
[WARN] Skipping prompt (1472 chars): Connection error.
[WARN] Skipping prompt (1415 chars): Connection error.
[WARN] Skipping prompt (1306 chars): Connection error.
[WARN] Skipping prompt (1328 chars): Connection error.
[WARN] Skipping prompt (1842 chars): Connection error.
[WARN] Skipping prompt (1614 chars): Connection error.
[WARN] Skipping prompt (1542 chars): Connection error.
[WARN] Skipping prompt (1690 chars): Connection error.
[WARN] Skipping prompt (1440 chars): Connection error.
[WARN] Skipping prompt (1844 chars): Connection error.
[WARN] Skipping prompt (1838 chars): Connection error.
[WARN] Skipping prompt (1296 chars): Connection error.
[WARN] Skipping prompt (1038 chars): Connection error.
[WARN] Skipping prompt (1812 chars): Connection error.
[WARN] Skipping prompt (1823 chars): Connection error.
[WARN] Skipping prompt (1432 chars): Connection error.
[WARN] Skipping prompt (1621 chars): Connection error.
[WARN] Skipping prompt (1256 chars): Connection error.
[WARN] Skipping prompt (1742 chars): Connection error.
[WARN] Skipping prompt (2045 chars): Connection error.
[WARN] Skipping prompt (1055 chars): Connection error.
[WARN] Skipping prompt (1841 chars): Connection error.
[WARN] Skipping prompt (1619 chars): Connection error.
[WARN] Skipping prompt (1480 chars): Connection error.
[WARN] Skipping prompt (1381 chars): Connection error.
[WARN] Skipping prompt (1693 chars): Connection error.
[WARN] Skipping prompt (2108 chars): Connection error.
[WARN] Skipping prompt (1805 chars): Connection error.
[WARN] Skipping prompt (1742 chars): Connection error.
[WARN] Skipping prompt (938 chars): Connection error.
[WARN] Skipping prompt (2056 chars): Connection error.
[WARN] Skipping prompt (1457 chars): Connection error.
[WARN] Skipping prompt (1755 chars): Connection error.
[WARN] Skipping prompt (1735 chars): Connection error.
[WARN] Skipping prompt (1584 chars): Connection error.
[WARN] Skipping prompt (1156 chars): Connection error.
[WARN] Skipping prompt (1705 chars): Connection error.
[WARN] Skipping prompt (1554 chars): Connection error.
[WARN] Skipping prompt (2040 chars): Connection error.
Inference:  50%|██████████████████████████████████████████████████▌                                                  | 15/30 [5:00:43<1:40:42, 402.86s/it][WARN] Skipping prompt (964 chars): Connection error.
[WARN] Skipping prompt (1170 chars): Connection error.
[WARN] Skipping prompt (1891 chars): Connection error.
[WARN] Skipping prompt (846 chars): Connection error.
[WARN] Skipping prompt (1006 chars): Connection error.
[WARN] Skipping prompt (1876 chars): Connection error.
[WARN] Skipping prompt (1061 chars): Connection error.
[WARN] Skipping prompt (1164 chars): Connection error.
[WARN] Skipping prompt (1576 chars): Connection error.
[WARN] Skipping prompt (1236 chars): Connection error.
[WARN] Skipping prompt (1273 chars): Connection error.
[WARN] Skipping prompt (1279 chars): Connection error.
[WARN] Skipping prompt (1317 chars): Connection error.
[WARN] Skipping prompt (1879 chars): Connection error.
[WARN] Skipping prompt (2618 chars): Connection error.
[WARN] Skipping prompt (1274 chars): Connection error.
[WARN] Skipping prompt (1643 chars): Connection error.
[WARN] Skipping prompt (1236 chars): Connection error.
[WARN] Skipping prompt (1239 chars): Connection error.
[WARN] Skipping prompt (1241 chars): Connection error.
[WARN] Skipping prompt (909 chars): Connection error.
[WARN] Skipping prompt (1894 chars): Connection error.
[WARN] Skipping prompt (1393 chars): Connection error.
[WARN] Skipping prompt (1523 chars): Connection error.
[WARN] Skipping prompt (1086 chars): Connection error.
[WARN] Skipping prompt (1442 chars): Connection error.
[WARN] Skipping prompt (1474 chars): Connection error.
[WARN] Skipping prompt (1064 chars): Connection error.
[WARN] Skipping prompt (974 chars): Connection error.
[WARN] Skipping prompt (1276 chars): Connection error.
[WARN] Skipping prompt (1356 chars): Connection error.
[WARN] Skipping prompt (1226 chars): Connection error.
[WARN] Skipping prompt (1476 chars): Connection error.
[WARN] Skipping prompt (1467 chars): Connection error.
[WARN] Skipping prompt (2144 chars): Connection error.
[WARN] Skipping prompt (1442 chars): Connection error.
[WARN] Skipping prompt (1113 chars): Connection error.
[WARN] Skipping prompt (1215 chars): Connection error.
[WARN] Skipping prompt (1787 chars): Connection error.
[WARN] Skipping prompt (1596 chars): Connection error.
[WARN] Skipping prompt (1217 chars): Connection error.
[WARN] Skipping prompt (1182 chars): Connection error.
[WARN] Skipping prompt (1177 chars): Connection error.
[WARN] Skipping prompt (1263 chars): Connection error.
[WARN] Skipping prompt (2139 chars): Connection error.
[WARN] Skipping prompt (1702 chars): Connection error.
[WARN] Skipping prompt (908 chars): Connection error.
[WARN] Skipping prompt (1496 chars): Connection error.
[WARN] Skipping prompt (1262 chars): Connection error.
[WARN] Skipping prompt (942 chars): Connection error.
[WARN] Skipping prompt (2630 chars): Connection error.
[WARN] Skipping prompt (1732 chars): Connection error.
[WARN] Skipping prompt (1579 chars): Connection error.
[WARN] Skipping prompt (1295 chars): Connection error.
[WARN] Skipping prompt (1497 chars): Connection error.
[WARN] Skipping prompt (1275 chars): Connection error.
[WARN] Skipping prompt (2005 chars): Connection error.
[WARN] Skipping prompt (1987 chars): Connection error.
[WARN] Skipping prompt (1217 chars): Connection error.
[WARN] Skipping prompt (1329 chars): Connection error.
[WARN] Skipping prompt (1250 chars): Connection error.
[WARN] Skipping prompt (1132 chars): Connection error.
[WARN] Skipping prompt (1549 chars): Connection error.
[WARN] Skipping prompt (2632 chars): Connection error.
Inference:  53%|█████████████████████████████████████████████████████▊                                               | 16/30 [5:00:47<1:05:56, 282.58s/it][WARN] Skipping prompt (1722 chars): Connection error.
[WARN] Skipping prompt (984 chars): Connection error.
[WARN] Skipping prompt (1094 chars): Connection error.
[WARN] Skipping prompt (2166 chars): Connection error.
[WARN] Skipping prompt (2323 chars): Connection error.
[WARN] Skipping prompt (1317 chars): Connection error.
[WARN] Skipping prompt (1696 chars): Connection error.
[WARN] Skipping prompt (2253 chars): Connection error.
[WARN] Skipping prompt (1061 chars): Connection error.
[WARN] Skipping prompt (1695 chars): Connection error.
[WARN] Skipping prompt (1771 chars): Connection error.
[WARN] Skipping prompt (2716 chars): Connection error.
[WARN] Skipping prompt (1081 chars): Connection error.
[WARN] Skipping prompt (981 chars): Connection error.
[WARN] Skipping prompt (2148 chars): Connection error.
[WARN] Skipping prompt (2333 chars): Connection error.
[WARN] Skipping prompt (1141 chars): Connection error.
[WARN] Skipping prompt (3303 chars): Connection error.
[WARN] Skipping prompt (1513 chars): Connection error.
[WARN] Skipping prompt (3033 chars): Connection error.
[WARN] Skipping prompt (1221 chars): Connection error.
[WARN] Skipping prompt (900 chars): Connection error.
[WARN] Skipping prompt (1927 chars): Connection error.
[WARN] Skipping prompt (2147 chars): Connection error.
[WARN] Skipping prompt (1068 chars): Connection error.
[WARN] Skipping prompt (899 chars): Connection error.
[WARN] Skipping prompt (1237 chars): Connection error.
[WARN] Skipping prompt (1895 chars): Connection error.
[WARN] Skipping prompt (1640 chars): Connection error.
[WARN] Skipping prompt (1130 chars): Connection error.
[WARN] Skipping prompt (900 chars): Connection error.
[WARN] Skipping prompt (1049 chars): Connection error.
[WARN] Skipping prompt (1854 chars): Connection error.
[WARN] Skipping prompt (1193 chars): Connection error.
[WARN] Skipping prompt (1116 chars): Connection error.
[WARN] Skipping prompt (1426 chars): Connection error.
[WARN] Skipping prompt (2018 chars): Connection error.
[WARN] Skipping prompt (1069 chars): Connection error.
[WARN] Skipping prompt (1144 chars): Connection error.
[WARN] Skipping prompt (1174 chars): Connection error.
[WARN] Skipping prompt (1051 chars): Connection error.
[WARN] Skipping prompt (1134 chars): Connection error.
[WARN] Skipping prompt (1504 chars): Connection error.
[WARN] Skipping prompt (1381 chars): Connection error.
[WARN] Skipping prompt (1891 chars): Connection error.
[WARN] Skipping prompt (2011 chars): Connection error.
[WARN] Skipping prompt (1352 chars): Connection error.
[WARN] Skipping prompt (1059 chars): Connection error.
[WARN] Skipping prompt (1360 chars): Connection error.
[WARN] Skipping prompt (983 chars): Connection error.
[WARN] Skipping prompt (1788 chars): Connection error.
[WARN] Skipping prompt (1734 chars): Connection error.
[WARN] Skipping prompt (1466 chars): Connection error.
[WARN] Skipping prompt (2621 chars): Connection error.
[WARN] Skipping prompt (1309 chars): Connection error.
[WARN] Skipping prompt (2013 chars): Connection error.
[WARN] Skipping prompt (1793 chars): Connection error.
[WARN] Skipping prompt (3380 chars): Connection error.
[WARN] Skipping prompt (2147 chars): Connection error.
[WARN] Skipping prompt (1914 chars): Connection error.
[WARN] Skipping prompt (1184 chars): Connection error.
[WARN] Skipping prompt (1283 chars): Connection error.
[WARN] Skipping prompt (1727 chars): Connection error.
[WARN] Skipping prompt (1164 chars): Connection error.
Inference:  57%|██████████████████████████████████████████████████████████▎                                            | 17/30 [5:00:50<43:01, 198.60s/it][WARN] Skipping prompt (2193 chars): Connection error.
[WARN] Skipping prompt (1283 chars): Connection error.
[WARN] Skipping prompt (1226 chars): Connection error.
[WARN] Skipping prompt (1191 chars): Connection error.
[WARN] Skipping prompt (1244 chars): Connection error.
[WARN] Skipping prompt (3280 chars): Connection error.
[WARN] Skipping prompt (1094 chars): Connection error.
[WARN] Skipping prompt (1327 chars): Connection error.
[WARN] Skipping prompt (918 chars): Connection error.
[WARN] Skipping prompt (1748 chars): Connection error.
[WARN] Skipping prompt (1510 chars): Connection error.
[WARN] Skipping prompt (1490 chars): Connection error.
[WARN] Skipping prompt (929 chars): Connection error.
[WARN] Skipping prompt (2189 chars): Connection error.
[WARN] Skipping prompt (1044 chars): Connection error.
[WARN] Skipping prompt (1691 chars): Connection error.
[WARN] Skipping prompt (1060 chars): Connection error.
[WARN] Skipping prompt (1331 chars): Connection error.
[WARN] Skipping prompt (1848 chars): Connection error.
[WARN] Skipping prompt (1558 chars): Connection error.
[WARN] Skipping prompt (2578 chars): Connection error.
[WARN] Skipping prompt (1642 chars): Connection error.
[WARN] Skipping prompt (2915 chars): Connection error.
[WARN] Skipping prompt (1258 chars): Connection error.
[WARN] Skipping prompt (1378 chars): Connection error.
[WARN] Skipping prompt (2594 chars): Connection error.
[WARN] Skipping prompt (999 chars): Connection error.
[WARN] Skipping prompt (1809 chars): Connection error.
[WARN] Skipping prompt (1324 chars): Connection error.
[WARN] Skipping prompt (1255 chars): Connection error.
[WARN] Skipping prompt (1942 chars): Connection error.
[WARN] Skipping prompt (1405 chars): Connection error.
[WARN] Skipping prompt (1400 chars): Connection error.
[WARN] Skipping prompt (1368 chars): Connection error.
[WARN] Skipping prompt (1176 chars): Connection error.
[WARN] Skipping prompt (1872 chars): Connection error.
[WARN] Skipping prompt (2068 chars): Connection error.
[WARN] Skipping prompt (1697 chars): Connection error.
[WARN] Skipping prompt (1000 chars): Connection error.
[WARN] Skipping prompt (998 chars): Connection error.
[WARN] Skipping prompt (1033 chars): Connection error.
[WARN] Skipping prompt (1250 chars): Connection error.
[WARN] Skipping prompt (1424 chars): Connection error.
[WARN] Skipping prompt (1071 chars): Connection error.
[WARN] Skipping prompt (1950 chars): Connection error.
[WARN] Skipping prompt (938 chars): Connection error.
[WARN] Skipping prompt (1339 chars): Connection error.
[WARN] Skipping prompt (1512 chars): Connection error.
[WARN] Skipping prompt (2341 chars): Connection error.
[WARN] Skipping prompt (2246 chars): Connection error.
[WARN] Skipping prompt (1378 chars): Connection error.
[WARN] Skipping prompt (994 chars): Connection error.
[WARN] Skipping prompt (2223 chars): Connection error.
[WARN] Skipping prompt (1066 chars): Connection error.
[WARN] Skipping prompt (1509 chars): Connection error.
[WARN] Skipping prompt (2588 chars): Connection error.
[WARN] Skipping prompt (998 chars): Connection error.
[WARN] Skipping prompt (1145 chars): Connection error.
[WARN] Skipping prompt (1640 chars): Connection error.
[WARN] Skipping prompt (1728 chars): Connection error.
[WARN] Skipping prompt (955 chars): Connection error.
[WARN] Skipping prompt (1397 chars): Connection error.
[WARN] Skipping prompt (1349 chars): Connection error.
[WARN] Skipping prompt (908 chars): Connection error.
Inference:  60%|█████████████████████████████████████████████████████████████▊                                         | 18/30 [5:00:53<27:58, 139.88s/it][WARN] Skipping prompt (1284 chars): Connection error.
[WARN] Skipping prompt (1253 chars): Connection error.
[WARN] Skipping prompt (2159 chars): Connection error.
[WARN] Skipping prompt (1430 chars): Connection error.
[WARN] Skipping prompt (2506 chars): Connection error.
[WARN] Skipping prompt (1202 chars): Connection error.
[WARN] Skipping prompt (1075 chars): Connection error.
[WARN] Skipping prompt (1050 chars): Connection error.
[WARN] Skipping prompt (1482 chars): Connection error.
[WARN] Skipping prompt (1788 chars): Connection error.
[WARN] Skipping prompt (1092 chars): Connection error.
[WARN] Skipping prompt (1036 chars): Connection error.
[WARN] Skipping prompt (909 chars): Connection error.
[WARN] Skipping prompt (1737 chars): Connection error.
[WARN] Skipping prompt (1128 chars): Connection error.
[WARN] Skipping prompt (1361 chars): Connection error.
[WARN] Skipping prompt (1218 chars): Connection error.
[WARN] Skipping prompt (2145 chars): Connection error.
[WARN] Skipping prompt (1256 chars): Connection error.
[WARN] Skipping prompt (1144 chars): Connection error.
[WARN] Skipping prompt (1130 chars): Connection error.
[WARN] Skipping prompt (1109 chars): Connection error.
[WARN] Skipping prompt (1227 chars): Connection error.
[WARN] Skipping prompt (1380 chars): Connection error.
[WARN] Skipping prompt (1434 chars): Connection error.
[WARN] Skipping prompt (1222 chars): Connection error.
[WARN] Skipping prompt (1245 chars): Connection error.
[WARN] Skipping prompt (2120 chars): Connection error.
[WARN] Skipping prompt (1010 chars): Connection error.
[WARN] Skipping prompt (1491 chars): Connection error.
[WARN] Skipping prompt (1804 chars): Connection error.
[WARN] Skipping prompt (1870 chars): Connection error.
[WARN] Skipping prompt (1098 chars): Connection error.
[WARN] Skipping prompt (928 chars): Connection error.
[WARN] Skipping prompt (955 chars): Connection error.
[WARN] Skipping prompt (1074 chars): Connection error.
[WARN] Skipping prompt (2201 chars): Connection error.
[WARN] Skipping prompt (3282 chars): Connection error.
[WARN] Skipping prompt (1327 chars): Connection error.
[WARN] Skipping prompt (1065 chars): Connection error.
[WARN] Skipping prompt (2958 chars): Connection error.
[WARN] Skipping prompt (1199 chars): Connection error.
[WARN] Skipping prompt (1179 chars): Connection error.
[WARN] Skipping prompt (1668 chars): Connection error.
[WARN] Skipping prompt (1117 chars): Connection error.
[WARN] Skipping prompt (2397 chars): Connection error.
[WARN] Skipping prompt (1459 chars): Connection error.
[WARN] Skipping prompt (1144 chars): Connection error.
[WARN] Skipping prompt (1395 chars): Connection error.
[WARN] Skipping prompt (1287 chars): Connection error.
[WARN] Skipping prompt (1747 chars): Connection error.
[WARN] Skipping prompt (1666 chars): Connection error.
[WARN] Skipping prompt (2914 chars): Connection error.
[WARN] Skipping prompt (2881 chars): Connection error.
[WARN] Skipping prompt (1131 chars): Connection error.
[WARN] Skipping prompt (1098 chars): Connection error.
[WARN] Skipping prompt (1007 chars): Connection error.
[WARN] Skipping prompt (1647 chars): Connection error.
[WARN] Skipping prompt (1109 chars): Connection error.
[WARN] Skipping prompt (1672 chars): Connection error.
[WARN] Skipping prompt (1516 chars): Connection error.
[WARN] Skipping prompt (1009 chars): Connection error.
[WARN] Skipping prompt (1454 chars): Connection error.
[WARN] Skipping prompt (934 chars): Connection error.
Inference:  63%|█████████████████████████████████████████████████████████████████▊                                      | 19/30 [5:00:56<18:07, 98.84s/it][WARN] Skipping prompt (1179 chars): Connection error.
[WARN] Skipping prompt (1065 chars): Connection error.
[WARN] Skipping prompt (1149 chars): Connection error.
[WARN] Skipping prompt (1360 chars): Connection error.
[WARN] Skipping prompt (1642 chars): Connection error.
[WARN] Skipping prompt (1178 chars): Connection error.
[WARN] Skipping prompt (1179 chars): Connection error.
[WARN] Skipping prompt (1206 chars): Connection error.
[WARN] Skipping prompt (1048 chars): Connection error.
[WARN] Skipping prompt (971 chars): Connection error.
[WARN] Skipping prompt (1633 chars): Connection error.
[WARN] Skipping prompt (2134 chars): Connection error.
[WARN] Skipping prompt (1450 chars): Connection error.
[WARN] Skipping prompt (1664 chars): Connection error.
[WARN] Skipping prompt (1327 chars): Connection error.
[WARN] Skipping prompt (1196 chars): Connection error.
[WARN] Skipping prompt (1085 chars): Connection error.
[WARN] Skipping prompt (1415 chars): Connection error.
[WARN] Skipping prompt (1188 chars): Connection error.
[WARN] Skipping prompt (1258 chars): Connection error.
[WARN] Skipping prompt (1146 chars): Connection error.
[WARN] Skipping prompt (1103 chars): Connection error.
[WARN] Skipping prompt (2508 chars): Connection error.
[WARN] Skipping prompt (2960 chars): Connection error.
[WARN] Skipping prompt (1500 chars): Connection error.
[WARN] Skipping prompt (964 chars): Connection error.
[WARN] Skipping prompt (1055 chars): Connection error.
[WARN] Skipping prompt (1068 chars): Connection error.
[WARN] Skipping prompt (2498 chars): Connection error.
[WARN] Skipping prompt (1060 chars): Connection error.
[WARN] Skipping prompt (1093 chars): Connection error.
[WARN] Skipping prompt (1052 chars): Connection error.
[WARN] Skipping prompt (1700 chars): Connection error.
[WARN] Skipping prompt (956 chars): Connection error.
[WARN] Skipping prompt (1906 chars): Connection error.
[WARN] Skipping prompt (989 chars): Connection error.
[WARN] Skipping prompt (2553 chars): Connection error.
[WARN] Skipping prompt (999 chars): Connection error.
[WARN] Skipping prompt (1724 chars): Connection error.
[WARN] Skipping prompt (894 chars): Connection error.
[WARN] Skipping prompt (1523 chars): Connection error.
[WARN] Skipping prompt (2145 chars): Connection error.
[WARN] Skipping prompt (1047 chars): Connection error.
[WARN] Skipping prompt (1042 chars): Connection error.
[WARN] Skipping prompt (1108 chars): Connection error.
[WARN] Skipping prompt (1370 chars): Connection error.
[WARN] Skipping prompt (1764 chars): Connection error.
[WARN] Skipping prompt (1127 chars): Connection error.
[WARN] Skipping prompt (1093 chars): Connection error.
[WARN] Skipping prompt (930 chars): Connection error.
[WARN] Skipping prompt (2114 chars): Connection error.
[WARN] Skipping prompt (1553 chars): Connection error.
[WARN] Skipping prompt (1001 chars): Connection error.
[WARN] Skipping prompt (865 chars): Connection error.
[WARN] Skipping prompt (1565 chars): Connection error.
[WARN] Skipping prompt (1192 chars): Connection error.
[WARN] Skipping prompt (1130 chars): Connection error.
[WARN] Skipping prompt (1083 chars): Connection error.
[WARN] Skipping prompt (1358 chars): Connection error.
[WARN] Skipping prompt (1069 chars): Connection error.
[WARN] Skipping prompt (1076 chars): Connection error.
[WARN] Skipping prompt (841 chars): Connection error.
[WARN] Skipping prompt (2017 chars): Connection error.
[WARN] Skipping prompt (1275 chars): Connection error.
Inference:  67%|█████████████████████████████████████████████████████████████████████▎                                  | 20/30 [5:00:59<11:41, 70.14s/it][WARN] Skipping prompt (862 chars): Connection error.
[WARN] Skipping prompt (1750 chars): Connection error.
[WARN] Skipping prompt (1274 chars): Connection error.
[WARN] Skipping prompt (1089 chars): Connection error.
[WARN] Skipping prompt (837 chars): Connection error.
[WARN] Skipping prompt (983 chars): Connection error.
[WARN] Skipping prompt (1097 chars): Connection error.
[WARN] Skipping prompt (1641 chars): Connection error.
[WARN] Skipping prompt (1458 chars): Connection error.
[WARN] Skipping prompt (978 chars): Connection error.
[WARN] Skipping prompt (1899 chars): Connection error.
[WARN] Skipping prompt (1125 chars): Connection error.
[WARN] Skipping prompt (1710 chars): Connection error.
[WARN] Skipping prompt (1338 chars): Connection error.
[WARN] Skipping prompt (1139 chars): Connection error.
[WARN] Skipping prompt (1028 chars): Connection error.
[WARN] Skipping prompt (936 chars): Connection error.
[WARN] Skipping prompt (1034 chars): Connection error.
[WARN] Skipping prompt (1458 chars): Connection error.
[WARN] Skipping prompt (1001 chars): Connection error.
[WARN] Skipping prompt (1239 chars): Connection error.
[WARN] Skipping prompt (1671 chars): Connection error.
[WARN] Skipping prompt (1496 chars): Connection error.
[WARN] Skipping prompt (954 chars): Connection error.
[WARN] Skipping prompt (1051 chars): Connection error.
[WARN] Skipping prompt (1000 chars): Connection error.
[WARN] Skipping prompt (1667 chars): Connection error.
[WARN] Skipping prompt (1341 chars): Connection error.
[WARN] Skipping prompt (790 chars): Connection error.
[WARN] Skipping prompt (2169 chars): Connection error.
[WARN] Skipping prompt (1058 chars): Connection error.
[WARN] Skipping prompt (1458 chars): Connection error.
[WARN] Skipping prompt (1090 chars): Connection error.
[WARN] Skipping prompt (1680 chars): Connection error.
[WARN] Skipping prompt (1009 chars): Connection error.
[WARN] Skipping prompt (965 chars): Connection error.
[WARN] Skipping prompt (1300 chars): Connection error.
[WARN] Skipping prompt (1887 chars): Connection error.
[WARN] Skipping prompt (840 chars): Connection error.
[WARN] Skipping prompt (1029 chars): Connection error.
[WARN] Skipping prompt (1449 chars): Connection error.
[WARN] Skipping prompt (1042 chars): Connection error.
[WARN] Skipping prompt (1479 chars): Connection error.
[WARN] Skipping prompt (1286 chars): Connection error.
[WARN] Skipping prompt (1382 chars): Connection error.
[WARN] Skipping prompt (1189 chars): Connection error.
[WARN] Skipping prompt (1646 chars): Connection error.
[WARN] Skipping prompt (1331 chars): Connection error.
[WARN] Skipping prompt (1108 chars): Connection error.
[WARN] Skipping prompt (1082 chars): Connection error.
[WARN] Skipping prompt (965 chars): Connection error.
[WARN] Skipping prompt (1466 chars): Connection error.
[WARN] Skipping prompt (1460 chars): Connection error.
[WARN] Skipping prompt (1210 chars): Connection error.
[WARN] Skipping prompt (1289 chars): Connection error.
[WARN] Skipping prompt (1440 chars): Connection error.
[WARN] Skipping prompt (1103 chars): Connection error.
[WARN] Skipping prompt (1440 chars): Connection error.
[WARN] Skipping prompt (1113 chars): Connection error.
[WARN] Skipping prompt (1359 chars): Connection error.
[WARN] Skipping prompt (1255 chars): Connection error.
[WARN] Skipping prompt (1707 chars): Connection error.
[WARN] Skipping prompt (1234 chars): Connection error.
[WARN] Skipping prompt (1266 chars): Connection error.
Inference:  70%|████████████████████████████████████████████████████████████████████████▊                               | 21/30 [5:01:03<07:30, 50.07s/it][WARN] Skipping prompt (1102 chars): Connection error.
[WARN] Skipping prompt (832 chars): Connection error.
[WARN] Skipping prompt (1460 chars): Connection error.
[WARN] Skipping prompt (1453 chars): Connection error.
[WARN] Skipping prompt (1093 chars): Connection error.
[WARN] Skipping prompt (1020 chars): Connection error.
[WARN] Skipping prompt (967 chars): Connection error.
[WARN] Skipping prompt (2500 chars): Connection error.
[WARN] Skipping prompt (958 chars): Connection error.
[WARN] Skipping prompt (1126 chars): Connection error.
[WARN] Skipping prompt (1178 chars): Connection error.
[WARN] Skipping prompt (1449 chars): Connection error.
[WARN] Skipping prompt (1660 chars): Connection error.
[WARN] Skipping prompt (1427 chars): Connection error.
[WARN] Skipping prompt (1290 chars): Connection error.
[WARN] Skipping prompt (1028 chars): Connection error.
[WARN] Skipping prompt (1015 chars): Connection error.
[WARN] Skipping prompt (1271 chars): Connection error.
[WARN] Skipping prompt (1037 chars): Connection error.
[WARN] Skipping prompt (1244 chars): Connection error.
[WARN] Skipping prompt (1043 chars): Connection error.
[WARN] Skipping prompt (846 chars): Connection error.
[WARN] Skipping prompt (1559 chars): Connection error.
[WARN] Skipping prompt (1284 chars): Connection error.
[WARN] Skipping prompt (1266 chars): Connection error.
[WARN] Skipping prompt (1350 chars): Connection error.
[WARN] Skipping prompt (1186 chars): Connection error.
[WARN] Skipping prompt (1887 chars): Connection error.
[WARN] Skipping prompt (1535 chars): Connection error.
[WARN] Skipping prompt (1010 chars): Connection error.
[WARN] Skipping prompt (1554 chars): Connection error.
[WARN] Skipping prompt (963 chars): Connection error.
[WARN] Skipping prompt (1077 chars): Connection error.
[WARN] Skipping prompt (1178 chars): Connection error.
[WARN] Skipping prompt (956 chars): Connection error.
[WARN] Skipping prompt (1059 chars): Connection error.
[WARN] Skipping prompt (999 chars): Connection error.
[WARN] Skipping prompt (977 chars): Connection error.
[WARN] Skipping prompt (962 chars): Connection error.
[WARN] Skipping prompt (1179 chars): Connection error.
[WARN] Skipping prompt (1002 chars): Connection error.
[WARN] Skipping prompt (1541 chars): Connection error.
[WARN] Skipping prompt (1090 chars): Connection error.
[WARN] Skipping prompt (1228 chars): Connection error.
[WARN] Skipping prompt (1037 chars): Connection error.
[WARN] Skipping prompt (1245 chars): Connection error.
[WARN] Skipping prompt (1149 chars): Connection error.
[WARN] Skipping prompt (1351 chars): Connection error.
[WARN] Skipping prompt (1205 chars): Connection error.
[WARN] Skipping prompt (1189 chars): Connection error.
[WARN] Skipping prompt (1283 chars): Connection error.
[WARN] Skipping prompt (1106 chars): Connection error.
[WARN] Skipping prompt (1220 chars): Connection error.
[WARN] Skipping prompt (1053 chars): Connection error.
[WARN] Skipping prompt (1339 chars): Connection error.
[WARN] Skipping prompt (1189 chars): Connection error.
[WARN] Skipping prompt (1116 chars): Connection error.
[WARN] Skipping prompt (1565 chars): Connection error.
[WARN] Skipping prompt (1278 chars): Connection error.
[WARN] Skipping prompt (1287 chars): Connection error.
[WARN] Skipping prompt (1664 chars): Connection error.
[WARN] Skipping prompt (850 chars): Connection error.
[WARN] Skipping prompt (1288 chars): Connection error.
[WARN] Skipping prompt (1241 chars): Connection error.
Inference:  73%|████████████████████████████████████████████████████████████████████████████▎                           | 22/30 [5:01:06<04:48, 36.02s/it][WARN] Skipping prompt (1051 chars): Connection error.
[WARN] Skipping prompt (1108 chars): Connection error.
[WARN] Skipping prompt (1262 chars): Connection error.
[WARN] Skipping prompt (1734 chars): Connection error.
[WARN] Skipping prompt (922 chars): Connection error.
[WARN] Skipping prompt (2035 chars): Connection error.
[WARN] Skipping prompt (838 chars): Connection error.
[WARN] Skipping prompt (1736 chars): Connection error.
[WARN] Skipping prompt (1213 chars): Connection error.
[WARN] Skipping prompt (865 chars): Connection error.
[WARN] Skipping prompt (1708 chars): Connection error.
[WARN] Skipping prompt (1704 chars): Connection error.
[WARN] Skipping prompt (1362 chars): Connection error.
[WARN] Skipping prompt (1460 chars): Connection error.
[WARN] Skipping prompt (843 chars): Connection error.
[WARN] Skipping prompt (1097 chars): Connection error.
[WARN] Skipping prompt (1333 chars): Connection error.
[WARN] Skipping prompt (1067 chars): Connection error.
[WARN] Skipping prompt (1897 chars): Connection error.
[WARN] Skipping prompt (1107 chars): Connection error.
[WARN] Skipping prompt (1444 chars): Connection error.
[WARN] Skipping prompt (1045 chars): Connection error.
[WARN] Skipping prompt (1735 chars): Connection error.
[WARN] Skipping prompt (1126 chars): Connection error.
[WARN] Skipping prompt (1179 chars): Connection error.
[WARN] Skipping prompt (1078 chars): Connection error.
[WARN] Skipping prompt (1573 chars): Connection error.
[WARN] Skipping prompt (1019 chars): Connection error.
[WARN] Skipping prompt (1672 chars): Connection error.
[WARN] Skipping prompt (1108 chars): Connection error.
[WARN] Skipping prompt (990 chars): Connection error.
[WARN] Skipping prompt (1359 chars): Connection error.
[WARN] Skipping prompt (1710 chars): Connection error.
[WARN] Skipping prompt (1149 chars): Connection error.
[WARN] Skipping prompt (838 chars): Connection error.
[WARN] Skipping prompt (1335 chars): Connection error.
[WARN] Skipping prompt (965 chars): Connection error.
[WARN] Skipping prompt (977 chars): Connection error.
[WARN] Skipping prompt (1298 chars): Connection error.
[WARN] Skipping prompt (1052 chars): Connection error.
[WARN] Skipping prompt (839 chars): Connection error.
[WARN] Skipping prompt (2520 chars): Connection error.
[WARN] Skipping prompt (1253 chars): Connection error.
[WARN] Skipping prompt (1432 chars): Connection error.
[WARN] Skipping prompt (1237 chars): Connection error.
[WARN] Skipping prompt (1342 chars): Connection error.
[WARN] Skipping prompt (1081 chars): Connection error.
[WARN] Skipping prompt (2465 chars): Connection error.
[WARN] Skipping prompt (1233 chars): Connection error.
[WARN] Skipping prompt (1244 chars): Connection error.
[WARN] Skipping prompt (1348 chars): Connection error.
[WARN] Skipping prompt (929 chars): Connection error.
[WARN] Skipping prompt (1112 chars): Connection error.
[WARN] Skipping prompt (1459 chars): Connection error.
[WARN] Skipping prompt (1448 chars): Connection error.
[WARN] Skipping prompt (835 chars): Connection error.
[WARN] Skipping prompt (1364 chars): Connection error.
[WARN] Skipping prompt (928 chars): Connection error.
[WARN] Skipping prompt (1110 chars): Connection error.
[WARN] Skipping prompt (1415 chars): Connection error.
[WARN] Skipping prompt (1479 chars): Connection error.
[WARN] Skipping prompt (1089 chars): Connection error.
[WARN] Skipping prompt (782 chars): Connection error.
[WARN] Skipping prompt (850 chars): Connection error.
Inference:  77%|███████████████████████████████████████████████████████████████████████████████▋                        | 23/30 [5:01:09<03:03, 26.18s/it][WARN] Skipping prompt (1042 chars): Connection error.
[WARN] Skipping prompt (1279 chars): Connection error.
[WARN] Skipping prompt (1457 chars): Connection error.
[WARN] Skipping prompt (986 chars): Connection error.
[WARN] Skipping prompt (977 chars): Connection error.
[WARN] Skipping prompt (965 chars): Connection error.
[WARN] Skipping prompt (843 chars): Connection error.
[WARN] Skipping prompt (1731 chars): Connection error.
[WARN] Skipping prompt (955 chars): Connection error.
[WARN] Skipping prompt (1458 chars): Connection error.
[WARN] Skipping prompt (1476 chars): Connection error.
[WARN] Skipping prompt (1330 chars): Connection error.
[WARN] Skipping prompt (837 chars): Connection error.
[WARN] Skipping prompt (976 chars): Connection error.
[WARN] Skipping prompt (1456 chars): Connection error.
[WARN] Skipping prompt (840 chars): Connection error.
[WARN] Skipping prompt (1078 chars): Connection error.
[WARN] Skipping prompt (1102 chars): Connection error.
[WARN] Skipping prompt (837 chars): Connection error.
[WARN] Skipping prompt (1107 chars): Connection error.
[WARN] Skipping prompt (1334 chars): Connection error.
[WARN] Skipping prompt (1339 chars): Connection error.
[WARN] Skipping prompt (1690 chars): Connection error.
[WARN] Skipping prompt (1340 chars): Connection error.
[WARN] Skipping prompt (1447 chars): Connection error.
[WARN] Skipping prompt (958 chars): Connection error.
[WARN] Skipping prompt (1300 chars): Connection error.
[WARN] Skipping prompt (1134 chars): Connection error.
[WARN] Skipping prompt (1738 chars): Connection error.
[WARN] Skipping prompt (838 chars): Connection error.
[WARN] Skipping prompt (1344 chars): Connection error.
[WARN] Skipping prompt (1478 chars): Connection error.
[WARN] Skipping prompt (2059 chars): Connection error.
[WARN] Skipping prompt (1492 chars): Connection error.
[WARN] Skipping prompt (859 chars): Connection error.
[WARN] Skipping prompt (1051 chars): Connection error.
[WARN] Skipping prompt (1039 chars): Connection error.
[WARN] Skipping prompt (2500 chars): Connection error.
[WARN] Skipping prompt (837 chars): Connection error.
[WARN] Skipping prompt (1018 chars): Connection error.
[WARN] Skipping prompt (1013 chars): Connection error.
[WARN] Skipping prompt (928 chars): Connection error.
[WARN] Skipping prompt (960 chars): Connection error.
[WARN] Skipping prompt (1802 chars): Connection error.
[WARN] Skipping prompt (1807 chars): Connection error.
[WARN] Skipping prompt (1002 chars): Connection error.
[WARN] Skipping prompt (1756 chars): Connection error.
[WARN] Skipping prompt (1692 chars): Connection error.
[WARN] Skipping prompt (1089 chars): Connection error.
[WARN] Skipping prompt (1460 chars): Connection error.
[WARN] Skipping prompt (1090 chars): Connection error.
[WARN] Skipping prompt (1777 chars): Connection error.
[WARN] Skipping prompt (1724 chars): Connection error.
[WARN] Skipping prompt (1751 chars): Connection error.
[WARN] Skipping prompt (975 chars): Connection error.
[WARN] Skipping prompt (1342 chars): Connection error.
[WARN] Skipping prompt (1634 chars): Connection error.
[WARN] Skipping prompt (1292 chars): Connection error.
[WARN] Skipping prompt (840 chars): Connection error.
[WARN] Skipping prompt (1268 chars): Connection error.
[WARN] Skipping prompt (1290 chars): Connection error.
[WARN] Skipping prompt (1021 chars): Connection error.
[WARN] Skipping prompt (1457 chars): Connection error.
[WARN] Skipping prompt (1529 chars): Connection error.
Inference:  80%|███████████████████████████████████████████████████████████████████████████████████▏                    | 24/30 [5:01:13<01:55, 19.31s/it][WARN] Skipping prompt (1458 chars): Connection error.
[WARN] Skipping prompt (1458 chars): Connection error.
[WARN] Skipping prompt (2148 chars): Connection error.
[WARN] Skipping prompt (1341 chars): Connection error.
[WARN] Skipping prompt (1643 chars): Connection error.
[WARN] Skipping prompt (837 chars): Connection error.
[WARN] Skipping prompt (2517 chars): Connection error.
[WARN] Skipping prompt (1338 chars): Connection error.
[WARN] Skipping prompt (1776 chars): Connection error.
[WARN] Skipping prompt (1333 chars): Connection error.
[WARN] Skipping prompt (1584 chars): Connection error.
[WARN] Skipping prompt (1658 chars): Connection error.
[WARN] Skipping prompt (1736 chars): Connection error.
[WARN] Skipping prompt (842 chars): Connection error.
[WARN] Skipping prompt (1022 chars): Connection error.
[WARN] Skipping prompt (1764 chars): Connection error.
[WARN] Skipping prompt (979 chars): Connection error.
[WARN] Skipping prompt (1229 chars): Connection error.
[WARN] Skipping prompt (1342 chars): Connection error.
[WARN] Skipping prompt (2461 chars): Connection error.
[WARN] Skipping prompt (1335 chars): Connection error.
[WARN] Skipping prompt (926 chars): Connection error.
[WARN] Skipping prompt (1262 chars): Connection error.
[WARN] Skipping prompt (971 chars): Connection error.
[WARN] Skipping prompt (1458 chars): Connection error.
[WARN] Skipping prompt (1342 chars): Connection error.
[WARN] Skipping prompt (1458 chars): Connection error.
[WARN] Skipping prompt (1350 chars): Connection error.
[WARN] Skipping prompt (1052 chars): Connection error.
[WARN] Skipping prompt (1763 chars): Connection error.
[WARN] Skipping prompt (1336 chars): Connection error.
[WARN] Skipping prompt (1338 chars): Connection error.
[WARN] Skipping prompt (1459 chars): Connection error.
[WARN] Skipping prompt (1409 chars): Connection error.
[WARN] Skipping prompt (1350 chars): Connection error.
[WARN] Skipping prompt (840 chars): Connection error.
[WARN] Skipping prompt (839 chars): Connection error.
[WARN] Skipping prompt (1341 chars): Connection error.
[WARN] Skipping prompt (842 chars): Connection error.
[WARN] Skipping prompt (1110 chars): Connection error.
[WARN] Skipping prompt (1472 chars): Connection error.
[WARN] Skipping prompt (1459 chars): Connection error.
[WARN] Skipping prompt (1764 chars): Connection error.
[WARN] Skipping prompt (1052 chars): Connection error.
[WARN] Skipping prompt (1458 chars): Connection error.
[WARN] Skipping prompt (1723 chars): Connection error.
[WARN] Skipping prompt (966 chars): Connection error.
[WARN] Skipping prompt (1755 chars): Connection error.
[WARN] Skipping prompt (1337 chars): Connection error.
[WARN] Skipping prompt (1762 chars): Connection error.
[WARN] Skipping prompt (1459 chars): Connection error.
[WARN] Skipping prompt (1748 chars): Connection error.
[WARN] Skipping prompt (1456 chars): Connection error.
[WARN] Skipping prompt (842 chars): Connection error.
[WARN] Skipping prompt (1749 chars): Connection error.
[WARN] Skipping prompt (980 chars): Connection error.
[WARN] Skipping prompt (2083 chars): Connection error.
[WARN] Skipping prompt (1750 chars): Connection error.
[WARN] Skipping prompt (838 chars): Connection error.
[WARN] Skipping prompt (1132 chars): Connection error.
[WARN] Skipping prompt (1722 chars): Connection error.
[WARN] Skipping prompt (1715 chars): Connection error.
[WARN] Skipping prompt (1750 chars): Connection error.
[WARN] Skipping prompt (1458 chars): Connection error.
Inference:  83%|██████████████████████████████████████████████████████████████████████████████████████▋                 | 25/30 [5:01:16<01:12, 14.48s/it][WARN] Skipping prompt (2635 chars): Connection error.
[WARN] Skipping prompt (1066 chars): Connection error.
[WARN] Skipping prompt (1082 chars): Connection error.
[WARN] Skipping prompt (3286 chars): Connection error.
[WARN] Skipping prompt (1250 chars): Connection error.
[WARN] Skipping prompt (1407 chars): Connection error.
[WARN] Skipping prompt (1069 chars): Connection error.
[WARN] Skipping prompt (1669 chars): Connection error.
[WARN] Skipping prompt (1056 chars): Connection error.
[WARN] Skipping prompt (1128 chars): Connection error.
[WARN] Skipping prompt (1472 chars): Connection error.
[WARN] Skipping prompt (1067 chars): Connection error.
[WARN] Skipping prompt (1532 chars): Connection error.
[WARN] Skipping prompt (2195 chars): Connection error.
[WARN] Skipping prompt (1068 chars): Connection error.
[WARN] Skipping prompt (1881 chars): Connection error.
[WARN] Skipping prompt (1102 chars): Connection error.
[WARN] Skipping prompt (1038 chars): Connection error.
[WARN] Skipping prompt (2152 chars): Connection error.
[WARN] Skipping prompt (1068 chars): Connection error.
[WARN] Skipping prompt (1052 chars): Connection error.
[WARN] Skipping prompt (1469 chars): Connection error.
[WARN] Skipping prompt (1079 chars): Connection error.
[WARN] Skipping prompt (2143 chars): Connection error.
[WARN] Skipping prompt (1362 chars): Connection error.
[WARN] Skipping prompt (1326 chars): Connection error.
[WARN] Skipping prompt (2120 chars): Connection error.
[WARN] Skipping prompt (1053 chars): Connection error.
[WARN] Skipping prompt (2187 chars): Connection error.
[WARN] Skipping prompt (1212 chars): Connection error.
[WARN] Skipping prompt (1663 chars): Connection error.
[WARN] Skipping prompt (2116 chars): Connection error.
[WARN] Skipping prompt (1402 chars): Connection error.
[WARN] Skipping prompt (1697 chars): Connection error.
[WARN] Skipping prompt (2161 chars): Connection error.
[WARN] Skipping prompt (1136 chars): Connection error.
[WARN] Skipping prompt (1475 chars): Connection error.
[WARN] Skipping prompt (1092 chars): Connection error.
[WARN] Skipping prompt (1595 chars): Connection error.
[WARN] Skipping prompt (2245 chars): Connection error.
[WARN] Skipping prompt (2464 chars): Connection error.
[WARN] Skipping prompt (1478 chars): Connection error.
[WARN] Skipping prompt (1066 chars): Connection error.
[WARN] Skipping prompt (1590 chars): Connection error.
[WARN] Skipping prompt (1162 chars): Connection error.
[WARN] Skipping prompt (1531 chars): Connection error.
[WARN] Skipping prompt (2829 chars): Connection error.
[WARN] Skipping prompt (2548 chars): Connection error.
[WARN] Skipping prompt (1077 chars): Connection error.
[WARN] Skipping prompt (1133 chars): Connection error.
[WARN] Skipping prompt (2069 chars): Connection error.
[WARN] Skipping prompt (1637 chars): Connection error.
[WARN] Skipping prompt (2200 chars): Connection error.
[WARN] Skipping prompt (1340 chars): Connection error.
[WARN] Skipping prompt (1144 chars): Connection error.
[WARN] Skipping prompt (2147 chars): Connection error.
[WARN] Skipping prompt (1339 chars): Connection error.
[WARN] Skipping prompt (1864 chars): Connection error.
[WARN] Skipping prompt (1068 chars): Connection error.
[WARN] Skipping prompt (1203 chars): Connection error.
[WARN] Skipping prompt (1945 chars): Connection error.
[WARN] Skipping prompt (939 chars): Connection error.
[WARN] Skipping prompt (1366 chars): Connection error.
[WARN] Skipping prompt (1051 chars): Connection error.
Inference:  87%|██████████████████████████████████████████████████████████████████████████████████████████▏             | 26/30 [5:01:19<00:44, 11.10s/it][WARN] Skipping prompt (2224 chars): Connection error.
[WARN] Skipping prompt (1452 chars): Connection error.
[WARN] Skipping prompt (1054 chars): Connection error.
[WARN] Skipping prompt (1429 chars): Connection error.
[WARN] Skipping prompt (3285 chars): Connection error.
[WARN] Skipping prompt (1387 chars): Connection error.
[WARN] Skipping prompt (1531 chars): Connection error.
[WARN] Skipping prompt (1069 chars): Connection error.
[WARN] Skipping prompt (1053 chars): Connection error.
[WARN] Skipping prompt (2153 chars): Connection error.
[WARN] Skipping prompt (1430 chars): Connection error.
[WARN] Skipping prompt (2363 chars): Connection error.
[WARN] Skipping prompt (1252 chars): Connection error.
[WARN] Skipping prompt (1562 chars): Connection error.
[WARN] Skipping prompt (1367 chars): Connection error.
[WARN] Skipping prompt (965 chars): Connection error.
[WARN] Skipping prompt (1245 chars): Connection error.
[WARN] Skipping prompt (1189 chars): Connection error.
[WARN] Skipping prompt (1174 chars): Connection error.
[WARN] Skipping prompt (2881 chars): Connection error.
[WARN] Skipping prompt (1370 chars): Connection error.
[WARN] Skipping prompt (1396 chars): Connection error.
[WARN] Skipping prompt (1404 chars): Connection error.
[WARN] Skipping prompt (996 chars): Connection error.
[WARN] Skipping prompt (2545 chars): Connection error.
[WARN] Skipping prompt (1114 chars): Connection error.
[WARN] Skipping prompt (1009 chars): Connection error.
[WARN] Skipping prompt (971 chars): Connection error.
[WARN] Skipping prompt (1665 chars): Connection error.
[WARN] Skipping prompt (1091 chars): Connection error.
[WARN] Skipping prompt (2227 chars): Connection error.
[WARN] Skipping prompt (1052 chars): Connection error.
[WARN] Skipping prompt (1295 chars): Connection error.
[WARN] Skipping prompt (926 chars): Connection error.
[WARN] Skipping prompt (930 chars): Connection error.
[WARN] Skipping prompt (1045 chars): Connection error.
[WARN] Skipping prompt (1865 chars): Connection error.
[WARN] Skipping prompt (2144 chars): Connection error.
[WARN] Skipping prompt (1388 chars): Connection error.
[WARN] Skipping prompt (1092 chars): Connection error.
[WARN] Skipping prompt (1187 chars): Connection error.
[WARN] Skipping prompt (1145 chars): Connection error.
[WARN] Skipping prompt (1480 chars): Connection error.
[WARN] Skipping prompt (1101 chars): Connection error.
[WARN] Skipping prompt (1456 chars): Connection error.
[WARN] Skipping prompt (1129 chars): Connection error.
[WARN] Skipping prompt (1595 chars): Connection error.
[WARN] Skipping prompt (2162 chars): Connection error.
[WARN] Skipping prompt (1234 chars): Connection error.
[WARN] Skipping prompt (1131 chars): Connection error.
[WARN] Skipping prompt (1175 chars): Connection error.
[WARN] Skipping prompt (1528 chars): Connection error.
[WARN] Skipping prompt (1126 chars): Connection error.
[WARN] Skipping prompt (1216 chars): Connection error.
[WARN] Skipping prompt (1323 chars): Connection error.
[WARN] Skipping prompt (1857 chars): Connection error.
[WARN] Skipping prompt (2601 chars): Connection error.
[WARN] Skipping prompt (928 chars): Connection error.
[WARN] Skipping prompt (1326 chars): Connection error.
[WARN] Skipping prompt (1306 chars): Connection error.
[WARN] Skipping prompt (2500 chars): Connection error.
[WARN] Skipping prompt (2186 chars): Connection error.
[WARN] Skipping prompt (1472 chars): Connection error.
[WARN] Skipping prompt (1338 chars): Connection error.
Inference:  90%|█████████████████████████████████████████████████████████████████████████████████████████████▌          | 27/30 [5:01:22<00:26,  8.74s/it][WARN] Skipping prompt (1143 chars): Connection error.
[WARN] Skipping prompt (1142 chars): Connection error.
[WARN] Skipping prompt (2153 chars): Connection error.
[WARN] Skipping prompt (1693 chars): Connection error.
[WARN] Skipping prompt (1852 chars): Connection error.
[WARN] Skipping prompt (1077 chars): Connection error.
[WARN] Skipping prompt (1257 chars): Connection error.
[WARN] Skipping prompt (1925 chars): Connection error.
[WARN] Skipping prompt (1480 chars): Connection error.
[WARN] Skipping prompt (1240 chars): Connection error.
[WARN] Skipping prompt (1137 chars): Connection error.
[WARN] Skipping prompt (1241 chars): Connection error.
[WARN] Skipping prompt (2144 chars): Connection error.
[WARN] Skipping prompt (1052 chars): Connection error.
[WARN] Skipping prompt (1162 chars): Connection error.
[WARN] Skipping prompt (1464 chars): Connection error.
[WARN] Skipping prompt (1945 chars): Connection error.
[WARN] Skipping prompt (1643 chars): Connection error.
[WARN] Skipping prompt (1190 chars): Connection error.
[WARN] Skipping prompt (2548 chars): Connection error.
[WARN] Skipping prompt (1398 chars): Connection error.
[WARN] Skipping prompt (2269 chars): Connection error.
[WARN] Skipping prompt (2916 chars): Connection error.
[WARN] Skipping prompt (1338 chars): Connection error.
[WARN] Skipping prompt (1038 chars): Connection error.
[WARN] Skipping prompt (2473 chars): Connection error.
[WARN] Skipping prompt (1034 chars): Connection error.
[WARN] Skipping prompt (1173 chars): Connection error.
[WARN] Skipping prompt (2631 chars): Connection error.
[WARN] Skipping prompt (1131 chars): Connection error.
[WARN] Skipping prompt (2581 chars): Connection error.
[WARN] Skipping prompt (1110 chars): Connection error.
[WARN] Skipping prompt (1166 chars): Connection error.
[WARN] Skipping prompt (1576 chars): Connection error.
[WARN] Skipping prompt (1364 chars): Connection error.
[WARN] Skipping prompt (1871 chars): Connection error.
[WARN] Skipping prompt (2108 chars): Connection error.
[WARN] Skipping prompt (1051 chars): Connection error.
[WARN] Skipping prompt (1673 chars): Connection error.
[WARN] Skipping prompt (1085 chars): Connection error.
[WARN] Skipping prompt (1871 chars): Connection error.
[WARN] Skipping prompt (1211 chars): Connection error.
[WARN] Skipping prompt (2882 chars): Connection error.
[WARN] Skipping prompt (2391 chars): Connection error.
[WARN] Skipping prompt (2850 chars): Connection error.
[WARN] Skipping prompt (1906 chars): Connection error.
[WARN] Skipping prompt (1150 chars): Connection error.
[WARN] Skipping prompt (1789 chars): Connection error.
[WARN] Skipping prompt (2069 chars): Connection error.
[WARN] Skipping prompt (2534 chars): Connection error.
[WARN] Skipping prompt (1382 chars): Connection error.
[WARN] Skipping prompt (1873 chars): Connection error.
[WARN] Skipping prompt (1277 chars): Connection error.
[WARN] Skipping prompt (1888 chars): Connection error.
[WARN] Skipping prompt (1074 chars): Connection error.
[WARN] Skipping prompt (1051 chars): Connection error.
[WARN] Skipping prompt (1243 chars): Connection error.
[WARN] Skipping prompt (1367 chars): Connection error.
[WARN] Skipping prompt (2883 chars): Connection error.
[WARN] Skipping prompt (939 chars): Connection error.
[WARN] Skipping prompt (1873 chars): Connection error.
[WARN] Skipping prompt (1662 chars): Connection error.
[WARN] Skipping prompt (994 chars): Connection error.
[WARN] Skipping prompt (1200 chars): Connection error.
Inference:  93%|█████████████████████████████████████████████████████████████████████████████████████████████████       | 28/30 [5:01:25<00:14,  7.10s/it][WARN] Skipping prompt (1773 chars): Connection error.
[WARN] Skipping prompt (1858 chars): Connection error.
[WARN] Skipping prompt (2744 chars): Connection error.
[WARN] Skipping prompt (2130 chars): Connection error.
[WARN] Skipping prompt (1172 chars): Connection error.
[WARN] Skipping prompt (1163 chars): Connection error.
[WARN] Skipping prompt (1018 chars): Connection error.
[WARN] Skipping prompt (1782 chars): Connection error.
[WARN] Skipping prompt (1214 chars): Connection error.
[WARN] Skipping prompt (1136 chars): Connection error.
[WARN] Skipping prompt (2628 chars): Connection error.
[WARN] Skipping prompt (908 chars): Connection error.
[WARN] Skipping prompt (1140 chars): Connection error.
[WARN] Skipping prompt (1203 chars): Connection error.
[WARN] Skipping prompt (1828 chars): Connection error.
[WARN] Skipping prompt (1235 chars): Connection error.
[WARN] Skipping prompt (1576 chars): Connection error.
[WARN] Skipping prompt (1895 chars): Connection error.
[WARN] Skipping prompt (1362 chars): Connection error.
[WARN] Skipping prompt (1842 chars): Connection error.
[WARN] Skipping prompt (2330 chars): Connection error.
[WARN] Skipping prompt (1496 chars): Connection error.
[WARN] Skipping prompt (1763 chars): Connection error.
[WARN] Skipping prompt (1768 chars): Connection error.
[WARN] Skipping prompt (1706 chars): Connection error.
[WARN] Skipping prompt (2633 chars): Connection error.
[WARN] Skipping prompt (1810 chars): Connection error.
[WARN] Skipping prompt (1896 chars): Connection error.
[WARN] Skipping prompt (2633 chars): Connection error.
[WARN] Skipping prompt (2302 chars): Connection error.
[WARN] Skipping prompt (1278 chars): Connection error.
[WARN] Skipping prompt (2701 chars): Connection error.
[WARN] Skipping prompt (1873 chars): Connection error.
[WARN] Skipping prompt (964 chars): Connection error.
[WARN] Skipping prompt (1864 chars): Connection error.
[WARN] Skipping prompt (907 chars): Connection error.
[WARN] Skipping prompt (1869 chars): Connection error.
[WARN] Skipping prompt (1136 chars): Connection error.
[WARN] Skipping prompt (1095 chars): Connection error.
[WARN] Skipping prompt (1922 chars): Connection error.
[WARN] Skipping prompt (2752 chars): Connection error.
[WARN] Skipping prompt (1046 chars): Connection error.
[WARN] Skipping prompt (1196 chars): Connection error.
[WARN] Skipping prompt (1873 chars): Connection error.
[WARN] Skipping prompt (1498 chars): Connection error.
[WARN] Skipping prompt (2251 chars): Connection error.
[WARN] Skipping prompt (2020 chars): Connection error.
[WARN] Skipping prompt (1238 chars): Connection error.
[WARN] Skipping prompt (1441 chars): Connection error.
[WARN] Skipping prompt (1891 chars): Connection error.
[WARN] Skipping prompt (1334 chars): Connection error.
[WARN] Skipping prompt (2630 chars): Connection error.
[WARN] Skipping prompt (964 chars): Connection error.
[WARN] Skipping prompt (1837 chars): Connection error.
[WARN] Skipping prompt (1597 chars): Connection error.
[WARN] Skipping prompt (1146 chars): Connection error.
[WARN] Skipping prompt (1191 chars): Connection error.
[WARN] Skipping prompt (1052 chars): Connection error.
[WARN] Skipping prompt (1643 chars): Connection error.
[WARN] Skipping prompt (1835 chars): Connection error.
[WARN] Skipping prompt (2318 chars): Connection error.
[WARN] Skipping prompt (2635 chars): Connection error.
[WARN] Skipping prompt (1333 chars): Connection error.
[WARN] Skipping prompt (1065 chars): Connection error.
Inference:  97%|████████████████████████████████████████████████████████████████████████████████████████████████████▌   | 29/30 [5:01:29<00:05,  5.94s/it][WARN] Skipping prompt (949 chars): Connection error.
[WARN] Skipping prompt (1829 chars): Connection error.
[WARN] Skipping prompt (1142 chars): Connection error.
[WARN] Skipping prompt (1264 chars): Connection error.
[WARN] Skipping prompt (1046 chars): Connection error.
[WARN] Skipping prompt (1139 chars): Connection error.
[WARN] Skipping prompt (1266 chars): Connection error.
[WARN] Skipping prompt (2120 chars): Connection error.
[WARN] Skipping prompt (1895 chars): Connection error.
[WARN] Skipping prompt (1828 chars): Connection error.
[WARN] Skipping prompt (1133 chars): Connection error.
[WARN] Skipping prompt (2738 chars): Connection error.
[WARN] Skipping prompt (1134 chars): Connection error.
[WARN] Skipping prompt (1138 chars): Connection error.
[WARN] Skipping prompt (2137 chars): Connection error.
[WARN] Skipping prompt (1839 chars): Connection error.
[WARN] Skipping prompt (1491 chars): Connection error.
[WARN] Skipping prompt (1579 chars): Connection error.
[WARN] Skipping prompt (2631 chars): Connection error.
[WARN] Skipping prompt (2731 chars): Connection error.
[WARN] Skipping prompt (2497 chars): Connection error.
[WARN] Skipping prompt (1858 chars): Connection error.
[WARN] Skipping prompt (1046 chars): Connection error.
[WARN] Skipping prompt (2634 chars): Connection error.
[WARN] Skipping prompt (2632 chars): Connection error.
[WARN] Skipping prompt (1327 chars): Connection error.
[WARN] Skipping prompt (2755 chars): Connection error.
[WARN] Skipping prompt (2636 chars): Connection error.
[WARN] Skipping prompt (2139 chars): Connection error.
[WARN] Skipping prompt (1109 chars): Connection error.
[WARN] Skipping prompt (2731 chars): Connection error.
[WARN] Skipping prompt (2151 chars): Connection error.
[WARN] Skipping prompt (1575 chars): Connection error.
[WARN] Skipping prompt (1141 chars): Connection error.
[WARN] Skipping prompt (1775 chars): Connection error.
[WARN] Skipping prompt (1153 chars): Connection error.
[WARN] Skipping prompt (1889 chars): Connection error.
[WARN] Skipping prompt (1786 chars): Connection error.
[WARN] Skipping prompt (1921 chars): Connection error.
[WARN] Skipping prompt (1142 chars): Connection error.
[WARN] Skipping prompt (2327 chars): Connection error.
[WARN] Skipping prompt (2331 chars): Connection error.
[WARN] Skipping prompt (1836 chars): Connection error.
[WARN] Skipping prompt (1335 chars): Connection error.
[WARN] Skipping prompt (1398 chars): Connection error.
[WARN] Skipping prompt (1320 chars): Connection error.
[WARN] Skipping prompt (1677 chars): Connection error.
[WARN] Skipping prompt (1141 chars): Connection error.
[WARN] Skipping prompt (1299 chars): Connection error.
[WARN] Skipping prompt (1105 chars): Connection error.
[WARN] Skipping prompt (942 chars): Connection error.
Inference: 100%|████████████████████████████████████████████████████████████████████████████████████████████████████████| 30/30 [5:01:32<00:00,  5.11s/it]Inference: 100%|███████████████████████████████████████████████████████████████████████████████████████████████████████| 30/30 [5:01:32<00:00, 603.08s/it]
Time used: 18092.39009475708
Each batch time: 603.079669825236
