Inference:   0%|                                                                                                                   | 0/33 [00:00<?, ?it/s]Inference:   3%|███▏                                                                                                       | 1/33 [00:44<23:41, 44.42s/it]Inference:   6%|██████▍                                                                                                    | 2/33 [01:53<30:22, 58.78s/it]Inference:   9%|█████████▋                                                                                                 | 3/33 [02:36<25:48, 51.61s/it]Inference:  12%|████████████▉                                                                                              | 4/33 [03:24<24:22, 50.43s/it]Inference:  15%|████████████████▏                                                                                          | 5/33 [03:52<19:39, 42.13s/it][WARN] Skipping prompt (1263 chars): Connection error.
[WARN] Skipping prompt (1352 chars): Connection error.
[WARN] Skipping prompt (1244 chars): Connection error.
[WARN] Skipping prompt (1146 chars): Connection error.
[WARN] Skipping prompt (1073 chars): Connection error.
[WARN] Skipping prompt (1259 chars): Connection error.
[WARN] Skipping prompt (1424 chars): Connection error.
[WARN] Skipping prompt (1373 chars): Connection error.
[WARN] Skipping prompt (1401 chars): Connection error.
[WARN] Skipping prompt (903 chars): Connection error.
[WARN] Skipping prompt (1245 chars): Connection error.
[WARN] Skipping prompt (1080 chars): Connection error.
[WARN] Skipping prompt (1362 chars): Connection error.
[WARN] Skipping prompt (1265 chars): Connection error.
[WARN] Skipping prompt (1464 chars): Connection error.
[WARN] Skipping prompt (1435 chars): Connection error.
[WARN] Skipping prompt (1172 chars): Connection error.
[WARN] Skipping prompt (1205 chars): Connection error.
[WARN] Skipping prompt (1580 chars): Connection error.
[WARN] Skipping prompt (1269 chars): Connection error.
[WARN] Skipping prompt (1194 chars): Connection error.
[WARN] Skipping prompt (1370 chars): Connection error.
[WARN] Skipping prompt (1752 chars): Connection error.
[WARN] Skipping prompt (1262 chars): Connection error.
[WARN] Skipping prompt (1450 chars): Connection error.
[WARN] Skipping prompt (1120 chars): Connection error.
[WARN] Skipping prompt (1053 chars): Connection error.
[WARN] Skipping prompt (1493 chars): Connection error.
[WARN] Skipping prompt (1239 chars): Connection error.
[WARN] Skipping prompt (984 chars): Connection error.
[WARN] Skipping prompt (1147 chars): Connection error.
[WARN] Skipping prompt (1144 chars): Connection error.
[WARN] Skipping prompt (1427 chars): Connection error.
[WARN] Skipping prompt (1205 chars): Connection error.
[WARN] Skipping prompt (1196 chars): Connection error.
[WARN] Skipping prompt (892 chars): Connection error.
[WARN] Skipping prompt (1197 chars): Connection error.
[WARN] Skipping prompt (882 chars): Connection error.
[WARN] Skipping prompt (1565 chars): Connection error.
[WARN] Skipping prompt (1087 chars): Connection error.
[WARN] Skipping prompt (1283 chars): Connection error.
[WARN] Skipping prompt (931 chars): Connection error.
[WARN] Skipping prompt (1486 chars): Connection error.
[WARN] Skipping prompt (1138 chars): Connection error.
[WARN] Skipping prompt (1884 chars): Connection error.
[WARN] Skipping prompt (1113 chars): Connection error.
[WARN] Skipping prompt (1620 chars): Connection error.
[WARN] Skipping prompt (1374 chars): Connection error.
[WARN] Skipping prompt (1156 chars): Connection error.
[WARN] Skipping prompt (1144 chars): Connection error.
[WARN] Skipping prompt (1812 chars): Connection error.
[WARN] Skipping prompt (1123 chars): Connection error.
[WARN] Skipping prompt (1190 chars): Connection error.
[WARN] Skipping prompt (1060 chars): Connection error.
[WARN] Skipping prompt (1272 chars): Connection error.
[WARN] Skipping prompt (1189 chars): Connection error.
[WARN] Skipping prompt (1384 chars): Connection error.
[WARN] Skipping prompt (1014 chars): Connection error.
[WARN] Skipping prompt (1888 chars): Connection error.
[WARN] Skipping prompt (954 chars): Connection error.
[WARN] Skipping prompt (1009 chars): Connection error.
[WARN] Skipping prompt (1513 chars): Connection error.
[WARN] Skipping prompt (1142 chars): Connection error.
[WARN] Skipping prompt (1230 chars): Connection error.
Inference:  18%|███████████████████▍                                                                                       | 6/33 [03:55<13:00, 28.93s/it][WARN] Skipping prompt (1435 chars): Connection error.
[WARN] Skipping prompt (1047 chars): Connection error.
[WARN] Skipping prompt (884 chars): Connection error.
[WARN] Skipping prompt (1287 chars): Connection error.
[WARN] Skipping prompt (1426 chars): Connection error.
[WARN] Skipping prompt (1000 chars): Connection error.
[WARN] Skipping prompt (1044 chars): Connection error.
[WARN] Skipping prompt (1439 chars): Connection error.
[WARN] Skipping prompt (1652 chars): Connection error.
[WARN] Skipping prompt (1111 chars): Connection error.
[WARN] Skipping prompt (1133 chars): Connection error.
[WARN] Skipping prompt (1097 chars): Connection error.
[WARN] Skipping prompt (1156 chars): Connection error.
[WARN] Skipping prompt (904 chars): Connection error.
[WARN] Skipping prompt (1421 chars): Connection error.
[WARN] Skipping prompt (1122 chars): Connection error.
[WARN] Skipping prompt (1562 chars): Connection error.
[WARN] Skipping prompt (958 chars): Connection error.
[WARN] Skipping prompt (1049 chars): Connection error.
[WARN] Skipping prompt (1490 chars): Connection error.
[WARN] Skipping prompt (2456 chars): Connection error.
[WARN] Skipping prompt (976 chars): Connection error.
[WARN] Skipping prompt (1256 chars): Connection error.
[WARN] Skipping prompt (1144 chars): Connection error.
[WARN] Skipping prompt (1567 chars): Connection error.
[WARN] Skipping prompt (1813 chars): Connection error.
[WARN] Skipping prompt (1386 chars): Connection error.
[WARN] Skipping prompt (1274 chars): Connection error.
[WARN] Skipping prompt (1165 chars): Connection error.
[WARN] Skipping prompt (1345 chars): Connection error.
[WARN] Skipping prompt (1105 chars): Connection error.
[WARN] Skipping prompt (1423 chars): Connection error.
[WARN] Skipping prompt (1720 chars): Connection error.
[WARN] Skipping prompt (1438 chars): Connection error.
[WARN] Skipping prompt (1814 chars): Connection error.
[WARN] Skipping prompt (971 chars): Connection error.
[WARN] Skipping prompt (1268 chars): Connection error.
[WARN] Skipping prompt (1342 chars): Connection error.
[WARN] Skipping prompt (1226 chars): Connection error.
[WARN] Skipping prompt (1366 chars): Connection error.
[WARN] Skipping prompt (1079 chars): Connection error.
[WARN] Skipping prompt (1060 chars): Connection error.
[WARN] Skipping prompt (1352 chars): Connection error.
[WARN] Skipping prompt (1369 chars): Connection error.
[WARN] Skipping prompt (929 chars): Connection error.
[WARN] Skipping prompt (1075 chars): Connection error.
[WARN] Skipping prompt (1251 chars): Connection error.
[WARN] Skipping prompt (1386 chars): Connection error.
[WARN] Skipping prompt (1024 chars): Connection error.
[WARN] Skipping prompt (1373 chars): Connection error.
[WARN] Skipping prompt (1073 chars): Connection error.
[WARN] Skipping prompt (991 chars): Connection error.
[WARN] Skipping prompt (1012 chars): Connection error.
[WARN] Skipping prompt (1862 chars): Connection error.
[WARN] Skipping prompt (1347 chars): Connection error.
[WARN] Skipping prompt (1587 chars): Connection error.
[WARN] Skipping prompt (969 chars): Connection error.
[WARN] Skipping prompt (1816 chars): Connection error.
[WARN] Skipping prompt (1289 chars): Connection error.
[WARN] Skipping prompt (1381 chars): Connection error.
[WARN] Skipping prompt (981 chars): Connection error.
[WARN] Skipping prompt (1398 chars): Connection error.
[WARN] Skipping prompt (1302 chars): Connection error.
[WARN] Skipping prompt (918 chars): Connection error.
Inference:  21%|██████████████████████▋                                                                                    | 7/33 [03:58<08:53, 20.53s/it][WARN] Skipping prompt (1233 chars): Connection error.
[WARN] Skipping prompt (1169 chars): Connection error.
[WARN] Skipping prompt (1429 chars): Connection error.
[WARN] Skipping prompt (1202 chars): Connection error.
[WARN] Skipping prompt (1425 chars): Connection error.
[WARN] Skipping prompt (1036 chars): Connection error.
[WARN] Skipping prompt (1602 chars): Connection error.
[WARN] Skipping prompt (1382 chars): Connection error.
[WARN] Skipping prompt (1858 chars): Connection error.
[WARN] Skipping prompt (999 chars): Connection error.
[WARN] Skipping prompt (1446 chars): Connection error.
[WARN] Skipping prompt (1077 chars): Connection error.
[WARN] Skipping prompt (1161 chars): Connection error.
[WARN] Skipping prompt (1184 chars): Connection error.
[WARN] Skipping prompt (1237 chars): Connection error.
[WARN] Skipping prompt (1001 chars): Connection error.
[WARN] Skipping prompt (1498 chars): Connection error.
[WARN] Skipping prompt (1554 chars): Connection error.
[WARN] Skipping prompt (1147 chars): Connection error.
[WARN] Skipping prompt (1103 chars): Connection error.
[WARN] Skipping prompt (1396 chars): Connection error.
[WARN] Skipping prompt (1275 chars): Connection error.
[WARN] Skipping prompt (1477 chars): Connection error.
[WARN] Skipping prompt (1285 chars): Connection error.
[WARN] Skipping prompt (1056 chars): Connection error.
[WARN] Skipping prompt (1441 chars): Connection error.
[WARN] Skipping prompt (1327 chars): Connection error.
[WARN] Skipping prompt (1023 chars): Connection error.
[WARN] Skipping prompt (1178 chars): Connection error.
[WARN] Skipping prompt (1228 chars): Connection error.
[WARN] Skipping prompt (1053 chars): Connection error.
[WARN] Skipping prompt (1094 chars): Connection error.
[WARN] Skipping prompt (993 chars): Connection error.
[WARN] Skipping prompt (1984 chars): Connection error.
[WARN] Skipping prompt (1550 chars): Connection error.
[WARN] Skipping prompt (1200 chars): Connection error.
[WARN] Skipping prompt (1086 chars): Connection error.
[WARN] Skipping prompt (1186 chars): Connection error.
[WARN] Skipping prompt (1046 chars): Connection error.
[WARN] Skipping prompt (1467 chars): Connection error.
[WARN] Skipping prompt (1426 chars): Connection error.
[WARN] Skipping prompt (1199 chars): Connection error.
[WARN] Skipping prompt (1098 chars): Connection error.
[WARN] Skipping prompt (999 chars): Connection error.
[WARN] Skipping prompt (1252 chars): Connection error.
[WARN] Skipping prompt (1473 chars): Connection error.
[WARN] Skipping prompt (1151 chars): Connection error.
[WARN] Skipping prompt (1580 chars): Connection error.
[WARN] Skipping prompt (1036 chars): Connection error.
[WARN] Skipping prompt (1243 chars): Connection error.
[WARN] Skipping prompt (1414 chars): Connection error.
[WARN] Skipping prompt (986 chars): Connection error.
[WARN] Skipping prompt (1374 chars): Connection error.
[WARN] Skipping prompt (2007 chars): Connection error.
[WARN] Skipping prompt (1959 chars): Connection error.
[WARN] Skipping prompt (1307 chars): Connection error.
[WARN] Skipping prompt (1072 chars): Connection error.
[WARN] Skipping prompt (1508 chars): Connection error.
[WARN] Skipping prompt (960 chars): Connection error.
[WARN] Skipping prompt (944 chars): Connection error.
[WARN] Skipping prompt (1058 chars): Connection error.
[WARN] Skipping prompt (1235 chars): Connection error.
[WARN] Skipping prompt (1365 chars): Connection error.
[WARN] Skipping prompt (968 chars): Connection error.
Inference:  24%|█████████████████████████▉                                                                                 | 8/33 [04:02<06:15, 15.02s/it][WARN] Skipping prompt (1032 chars): Connection error.
[WARN] Skipping prompt (1596 chars): Connection error.
[WARN] Skipping prompt (1339 chars): Connection error.
[WARN] Skipping prompt (1434 chars): Connection error.
[WARN] Skipping prompt (1943 chars): Connection error.
[WARN] Skipping prompt (1034 chars): Connection error.
[WARN] Skipping prompt (1104 chars): Connection error.
[WARN] Skipping prompt (1136 chars): Connection error.
[WARN] Skipping prompt (1473 chars): Connection error.
[WARN] Skipping prompt (1069 chars): Connection error.
[WARN] Skipping prompt (1645 chars): Connection error.
[WARN] Skipping prompt (1295 chars): Connection error.
[WARN] Skipping prompt (1501 chars): Connection error.
[WARN] Skipping prompt (1323 chars): Connection error.
[WARN] Skipping prompt (1032 chars): Connection error.
[WARN] Skipping prompt (1593 chars): Connection error.
[WARN] Skipping prompt (1143 chars): Connection error.
[WARN] Skipping prompt (1089 chars): Connection error.
[WARN] Skipping prompt (1297 chars): Connection error.
[WARN] Skipping prompt (1016 chars): Connection error.
[WARN] Skipping prompt (1169 chars): Connection error.
[WARN] Skipping prompt (1374 chars): Connection error.
[WARN] Skipping prompt (1253 chars): Connection error.
[WARN] Skipping prompt (1045 chars): Connection error.
[WARN] Skipping prompt (1597 chars): Connection error.
[WARN] Skipping prompt (1037 chars): Connection error.
[WARN] Skipping prompt (1044 chars): Connection error.
[WARN] Skipping prompt (1105 chars): Connection error.
[WARN] Skipping prompt (1054 chars): Connection error.
[WARN] Skipping prompt (1675 chars): Connection error.
[WARN] Skipping prompt (1923 chars): Connection error.
[WARN] Skipping prompt (1036 chars): Connection error.
[WARN] Skipping prompt (1106 chars): Connection error.
[WARN] Skipping prompt (1105 chars): Connection error.
[WARN] Skipping prompt (1001 chars): Connection error.
[WARN] Skipping prompt (1287 chars): Connection error.
[WARN] Skipping prompt (1214 chars): Connection error.
[WARN] Skipping prompt (1049 chars): Connection error.
[WARN] Skipping prompt (1548 chars): Connection error.
[WARN] Skipping prompt (1680 chars): Connection error.
[WARN] Skipping prompt (1122 chars): Connection error.
[WARN] Skipping prompt (1214 chars): Connection error.
[WARN] Skipping prompt (1370 chars): Connection error.
[WARN] Skipping prompt (956 chars): Connection error.
[WARN] Skipping prompt (1173 chars): Connection error.
[WARN] Skipping prompt (1366 chars): Connection error.
[WARN] Skipping prompt (2166 chars): Connection error.
[WARN] Skipping prompt (1115 chars): Connection error.
[WARN] Skipping prompt (1010 chars): Connection error.
[WARN] Skipping prompt (1370 chars): Connection error.
[WARN] Skipping prompt (1083 chars): Connection error.
[WARN] Skipping prompt (1284 chars): Connection error.
[WARN] Skipping prompt (1058 chars): Connection error.
[WARN] Skipping prompt (942 chars): Connection error.
[WARN] Skipping prompt (1668 chars): Connection error.
[WARN] Skipping prompt (1392 chars): Connection error.
[WARN] Skipping prompt (1430 chars): Connection error.
[WARN] Skipping prompt (1141 chars): Connection error.
[WARN] Skipping prompt (1177 chars): Connection error.
[WARN] Skipping prompt (1943 chars): Connection error.
[WARN] Skipping prompt (1143 chars): Connection error.
[WARN] Skipping prompt (1140 chars): Connection error.
[WARN] Skipping prompt (1082 chars): Connection error.
[WARN] Skipping prompt (1527 chars): Connection error.
Inference:  27%|█████████████████████████████▏                                                                             | 9/33 [04:05<04:31, 11.33s/it][WARN] Skipping prompt (986 chars): Connection error.
[WARN] Skipping prompt (1783 chars): Connection error.
[WARN] Skipping prompt (1507 chars): Connection error.
[WARN] Skipping prompt (1250 chars): Connection error.
[WARN] Skipping prompt (1327 chars): Connection error.
[WARN] Skipping prompt (1513 chars): Connection error.
[WARN] Skipping prompt (1363 chars): Connection error.
[WARN] Skipping prompt (1268 chars): Connection error.
[WARN] Skipping prompt (1130 chars): Connection error.
[WARN] Skipping prompt (1678 chars): Connection error.
[WARN] Skipping prompt (2180 chars): Connection error.
[WARN] Skipping prompt (1169 chars): Connection error.
[WARN] Skipping prompt (2076 chars): Connection error.
[WARN] Skipping prompt (1140 chars): Connection error.
[WARN] Skipping prompt (1057 chars): Connection error.
[WARN] Skipping prompt (1409 chars): Connection error.
[WARN] Skipping prompt (1360 chars): Connection error.
[WARN] Skipping prompt (1169 chars): Connection error.
[WARN] Skipping prompt (1561 chars): Connection error.
[WARN] Skipping prompt (989 chars): Connection error.
[WARN] Skipping prompt (1567 chars): Connection error.
[WARN] Skipping prompt (1224 chars): Connection error.
[WARN] Skipping prompt (1245 chars): Connection error.
[WARN] Skipping prompt (1295 chars): Connection error.
[WARN] Skipping prompt (1227 chars): Connection error.
[WARN] Skipping prompt (1730 chars): Connection error.
[WARN] Skipping prompt (1181 chars): Connection error.
[WARN] Skipping prompt (1011 chars): Connection error.
[WARN] Skipping prompt (1284 chars): Connection error.
[WARN] Skipping prompt (1301 chars): Connection error.
[WARN] Skipping prompt (1098 chars): Connection error.
[WARN] Skipping prompt (1101 chars): Connection error.
[WARN] Skipping prompt (2108 chars): Connection error.
[WARN] Skipping prompt (1113 chars): Connection error.
[WARN] Skipping prompt (1050 chars): Connection error.
[WARN] Skipping prompt (1012 chars): Connection error.
[WARN] Skipping prompt (1648 chars): Connection error.
[WARN] Skipping prompt (953 chars): Connection error.
[WARN] Skipping prompt (1557 chars): Connection error.
[WARN] Skipping prompt (1133 chars): Connection error.
[WARN] Skipping prompt (1034 chars): Connection error.
[WARN] Skipping prompt (1529 chars): Connection error.
[WARN] Skipping prompt (1587 chars): Connection error.
[WARN] Skipping prompt (1209 chars): Connection error.
[WARN] Skipping prompt (1323 chars): Connection error.
[WARN] Skipping prompt (1388 chars): Connection error.
[WARN] Skipping prompt (1512 chars): Connection error.
[WARN] Skipping prompt (1091 chars): Connection error.
[WARN] Skipping prompt (1694 chars): Connection error.
[WARN] Skipping prompt (1339 chars): Connection error.
[WARN] Skipping prompt (1980 chars): Connection error.
[WARN] Skipping prompt (1075 chars): Connection error.
[WARN] Skipping prompt (1559 chars): Connection error.
[WARN] Skipping prompt (1060 chars): Connection error.
[WARN] Skipping prompt (1944 chars): Connection error.
[WARN] Skipping prompt (1065 chars): Connection error.
[WARN] Skipping prompt (1566 chars): Connection error.
[WARN] Skipping prompt (1564 chars): Connection error.
[WARN] Skipping prompt (1819 chars): Connection error.
[WARN] Skipping prompt (1046 chars): Connection error.
[WARN] Skipping prompt (1541 chars): Connection error.
[WARN] Skipping prompt (1767 chars): Connection error.
[WARN] Skipping prompt (1464 chars): Connection error.
[WARN] Skipping prompt (1722 chars): Connection error.
Inference:  30%|████████████████████████████████                                                                          | 10/33 [04:08<03:23,  8.85s/it][WARN] Skipping prompt (1171 chars): Connection error.
[WARN] Skipping prompt (1742 chars): Connection error.
[WARN] Skipping prompt (1285 chars): Connection error.
[WARN] Skipping prompt (1566 chars): Connection error.
[WARN] Skipping prompt (1840 chars): Connection error.
[WARN] Skipping prompt (951 chars): Connection error.
[WARN] Skipping prompt (1108 chars): Connection error.
[WARN] Skipping prompt (1117 chars): Connection error.
[WARN] Skipping prompt (977 chars): Connection error.
[WARN] Skipping prompt (979 chars): Connection error.
[WARN] Skipping prompt (1551 chars): Connection error.
[WARN] Skipping prompt (1069 chars): Connection error.
[WARN] Skipping prompt (972 chars): Connection error.
[WARN] Skipping prompt (1917 chars): Connection error.
[WARN] Skipping prompt (1102 chars): Connection error.
[WARN] Skipping prompt (1617 chars): Connection error.
[WARN] Skipping prompt (1308 chars): Connection error.
[WARN] Skipping prompt (1409 chars): Connection error.
[WARN] Skipping prompt (792 chars): Connection error.
[WARN] Skipping prompt (1303 chars): Connection error.
[WARN] Skipping prompt (1205 chars): Connection error.
[WARN] Skipping prompt (937 chars): Connection error.
[WARN] Skipping prompt (1221 chars): Connection error.
[WARN] Skipping prompt (1308 chars): Connection error.
[WARN] Skipping prompt (988 chars): Connection error.
[WARN] Skipping prompt (1791 chars): Connection error.
[WARN] Skipping prompt (881 chars): Connection error.
[WARN] Skipping prompt (1292 chars): Connection error.
[WARN] Skipping prompt (1071 chars): Connection error.
[WARN] Skipping prompt (1112 chars): Connection error.
[WARN] Skipping prompt (1398 chars): Connection error.
[WARN] Skipping prompt (1001 chars): Connection error.
[WARN] Skipping prompt (1247 chars): Connection error.
[WARN] Skipping prompt (2573 chars): Connection error.
[WARN] Skipping prompt (1096 chars): Connection error.
[WARN] Skipping prompt (1745 chars): Connection error.
[WARN] Skipping prompt (1118 chars): Connection error.
[WARN] Skipping prompt (2479 chars): Connection error.
[WARN] Skipping prompt (1134 chars): Connection error.
[WARN] Skipping prompt (1300 chars): Connection error.
[WARN] Skipping prompt (883 chars): Connection error.
[WARN] Skipping prompt (1147 chars): Connection error.
[WARN] Skipping prompt (1196 chars): Connection error.
[WARN] Skipping prompt (1202 chars): Connection error.
[WARN] Skipping prompt (1080 chars): Connection error.
[WARN] Skipping prompt (1532 chars): Connection error.
[WARN] Skipping prompt (1162 chars): Connection error.
[WARN] Skipping prompt (1262 chars): Connection error.
[WARN] Skipping prompt (1124 chars): Connection error.
[WARN] Skipping prompt (1181 chars): Connection error.
[WARN] Skipping prompt (1247 chars): Connection error.
[WARN] Skipping prompt (1117 chars): Connection error.
[WARN] Skipping prompt (1005 chars): Connection error.
[WARN] Skipping prompt (1291 chars): Connection error.
[WARN] Skipping prompt (1430 chars): Connection error.
[WARN] Skipping prompt (1686 chars): Connection error.
[WARN] Skipping prompt (1421 chars): Connection error.
[WARN] Skipping prompt (1043 chars): Connection error.
[WARN] Skipping prompt (1066 chars): Connection error.
[WARN] Skipping prompt (1055 chars): Connection error.
[WARN] Skipping prompt (1043 chars): Connection error.
[WARN] Skipping prompt (1912 chars): Connection error.
[WARN] Skipping prompt (858 chars): Connection error.
[WARN] Skipping prompt (1506 chars): Connection error.
Inference:  33%|███████████████████████████████████▎                                                                      | 11/33 [04:11<02:36,  7.13s/it][WARN] Skipping prompt (898 chars): Connection error.
[WARN] Skipping prompt (998 chars): Connection error.
[WARN] Skipping prompt (1869 chars): Connection error.
[WARN] Skipping prompt (1169 chars): Connection error.
[WARN] Skipping prompt (1080 chars): Connection error.
[WARN] Skipping prompt (1248 chars): Connection error.
[WARN] Skipping prompt (1276 chars): Connection error.
[WARN] Skipping prompt (1221 chars): Connection error.
[WARN] Skipping prompt (790 chars): Connection error.
[WARN] Skipping prompt (930 chars): Connection error.
[WARN] Skipping prompt (1770 chars): Connection error.
[WARN] Skipping prompt (1522 chars): Connection error.
[WARN] Skipping prompt (1136 chars): Connection error.
[WARN] Skipping prompt (1015 chars): Connection error.
[WARN] Skipping prompt (1147 chars): Connection error.
[WARN] Skipping prompt (1518 chars): Connection error.
[WARN] Skipping prompt (1432 chars): Connection error.
[WARN] Skipping prompt (984 chars): Connection error.
[WARN] Skipping prompt (1665 chars): Connection error.
[WARN] Skipping prompt (1078 chars): Connection error.
[WARN] Skipping prompt (1223 chars): Connection error.
[WARN] Skipping prompt (1116 chars): Connection error.
[WARN] Skipping prompt (1033 chars): Connection error.
[WARN] Skipping prompt (1308 chars): Connection error.
[WARN] Skipping prompt (1907 chars): Connection error.
[WARN] Skipping prompt (1136 chars): Connection error.
[WARN] Skipping prompt (1120 chars): Connection error.
[WARN] Skipping prompt (1345 chars): Connection error.
[WARN] Skipping prompt (876 chars): Connection error.
[WARN] Skipping prompt (1500 chars): Connection error.
[WARN] Skipping prompt (1332 chars): Connection error.
[WARN] Skipping prompt (1162 chars): Connection error.
[WARN] Skipping prompt (1735 chars): Connection error.
[WARN] Skipping prompt (1096 chars): Connection error.
[WARN] Skipping prompt (1293 chars): Connection error.
[WARN] Skipping prompt (1113 chars): Connection error.
[WARN] Skipping prompt (980 chars): Connection error.
[WARN] Skipping prompt (1571 chars): Connection error.
[WARN] Skipping prompt (977 chars): Connection error.
[WARN] Skipping prompt (1092 chars): Connection error.
[WARN] Skipping prompt (865 chars): Connection error.
[WARN] Skipping prompt (1026 chars): Connection error.
[WARN] Skipping prompt (1439 chars): Connection error.
[WARN] Skipping prompt (1050 chars): Connection error.
[WARN] Skipping prompt (964 chars): Connection error.
[WARN] Skipping prompt (1274 chars): Connection error.
[WARN] Skipping prompt (986 chars): Connection error.
[WARN] Skipping prompt (1025 chars): Connection error.
[WARN] Skipping prompt (877 chars): Connection error.
[WARN] Skipping prompt (1937 chars): Connection error.
[WARN] Skipping prompt (1087 chars): Connection error.
[WARN] Skipping prompt (1229 chars): Connection error.
[WARN] Skipping prompt (1309 chars): Connection error.
[WARN] Skipping prompt (1060 chars): Connection error.
[WARN] Skipping prompt (1264 chars): Connection error.
[WARN] Skipping prompt (987 chars): Connection error.
[WARN] Skipping prompt (1098 chars): Connection error.
[WARN] Skipping prompt (993 chars): Connection error.
[WARN] Skipping prompt (1213 chars): Connection error.
[WARN] Skipping prompt (1108 chars): Connection error.
[WARN] Skipping prompt (1155 chars): Connection error.
[WARN] Skipping prompt (1243 chars): Connection error.
[WARN] Skipping prompt (1898 chars): Connection error.
[WARN] Skipping prompt (1144 chars): Connection error.
Inference:  36%|██████████████████████████████████████▌                                                                   | 12/33 [04:15<02:04,  5.93s/it][WARN] Skipping prompt (999 chars): Connection error.
[WARN] Skipping prompt (1338 chars): Connection error.
[WARN] Skipping prompt (1023 chars): Connection error.
[WARN] Skipping prompt (1681 chars): Connection error.
[WARN] Skipping prompt (1144 chars): Connection error.
[WARN] Skipping prompt (1243 chars): Connection error.
[WARN] Skipping prompt (1107 chars): Connection error.
[WARN] Skipping prompt (990 chars): Connection error.
[WARN] Skipping prompt (1059 chars): Connection error.
[WARN] Skipping prompt (1007 chars): Connection error.
[WARN] Skipping prompt (1085 chars): Connection error.
[WARN] Skipping prompt (945 chars): Connection error.
[WARN] Skipping prompt (1047 chars): Connection error.
[WARN] Skipping prompt (1435 chars): Connection error.
[WARN] Skipping prompt (985 chars): Connection error.
[WARN] Skipping prompt (908 chars): Connection error.
[WARN] Skipping prompt (1095 chars): Connection error.
[WARN] Skipping prompt (1194 chars): Connection error.
[WARN] Skipping prompt (1439 chars): Connection error.
[WARN] Skipping prompt (931 chars): Connection error.
[WARN] Skipping prompt (1053 chars): Connection error.
[WARN] Skipping prompt (1154 chars): Connection error.
[WARN] Skipping prompt (1172 chars): Connection error.
[WARN] Skipping prompt (1333 chars): Connection error.
[WARN] Skipping prompt (1198 chars): Connection error.
[WARN] Skipping prompt (1067 chars): Connection error.
[WARN] Skipping prompt (1964 chars): Connection error.
[WARN] Skipping prompt (990 chars): Connection error.
[WARN] Skipping prompt (969 chars): Connection error.
[WARN] Skipping prompt (1396 chars): Connection error.
[WARN] Skipping prompt (1328 chars): Connection error.
[WARN] Skipping prompt (1214 chars): Connection error.
[WARN] Skipping prompt (1014 chars): Connection error.
[WARN] Skipping prompt (1034 chars): Connection error.
[WARN] Skipping prompt (1111 chars): Connection error.
[WARN] Skipping prompt (941 chars): Connection error.
[WARN] Skipping prompt (1055 chars): Connection error.
[WARN] Skipping prompt (972 chars): Connection error.
[WARN] Skipping prompt (1124 chars): Connection error.
[WARN] Skipping prompt (949 chars): Connection error.
[WARN] Skipping prompt (1478 chars): Connection error.
[WARN] Skipping prompt (1350 chars): Connection error.
[WARN] Skipping prompt (1367 chars): Connection error.
[WARN] Skipping prompt (1942 chars): Connection error.
[WARN] Skipping prompt (1059 chars): Connection error.
[WARN] Skipping prompt (942 chars): Connection error.
[WARN] Skipping prompt (883 chars): Connection error.
[WARN] Skipping prompt (1090 chars): Connection error.
[WARN] Skipping prompt (1095 chars): Connection error.
[WARN] Skipping prompt (1230 chars): Connection error.
[WARN] Skipping prompt (1875 chars): Connection error.
[WARN] Skipping prompt (939 chars): Connection error.
[WARN] Skipping prompt (957 chars): Connection error.
[WARN] Skipping prompt (1013 chars): Connection error.
[WARN] Skipping prompt (1070 chars): Connection error.
[WARN] Skipping prompt (1140 chars): Connection error.
[WARN] Skipping prompt (1050 chars): Connection error.
[WARN] Skipping prompt (1022 chars): Connection error.
[WARN] Skipping prompt (1086 chars): Connection error.
[WARN] Skipping prompt (1421 chars): Connection error.
[WARN] Skipping prompt (1232 chars): Connection error.
[WARN] Skipping prompt (1234 chars): Connection error.
[WARN] Skipping prompt (1236 chars): Connection error.
[WARN] Skipping prompt (1061 chars): Connection error.
Inference:  39%|█████████████████████████████████████████▊                                                                | 13/33 [04:18<01:42,  5.11s/it][WARN] Skipping prompt (1075 chars): Connection error.
[WARN] Skipping prompt (1279 chars): Connection error.
[WARN] Skipping prompt (1167 chars): Connection error.
[WARN] Skipping prompt (1220 chars): Connection error.
[WARN] Skipping prompt (1032 chars): Connection error.
[WARN] Skipping prompt (1559 chars): Connection error.
[WARN] Skipping prompt (1166 chars): Connection error.
[WARN] Skipping prompt (926 chars): Connection error.
[WARN] Skipping prompt (1355 chars): Connection error.
[WARN] Skipping prompt (1249 chars): Connection error.
[WARN] Skipping prompt (1498 chars): Connection error.
[WARN] Skipping prompt (1128 chars): Connection error.
[WARN] Skipping prompt (1287 chars): Connection error.
[WARN] Skipping prompt (1132 chars): Connection error.
[WARN] Skipping prompt (937 chars): Connection error.
[WARN] Skipping prompt (1147 chars): Connection error.
[WARN] Skipping prompt (1261 chars): Connection error.
[WARN] Skipping prompt (1422 chars): Connection error.
[WARN] Skipping prompt (1231 chars): Connection error.
[WARN] Skipping prompt (1015 chars): Connection error.
[WARN] Skipping prompt (1283 chars): Connection error.
[WARN] Skipping prompt (1051 chars): Connection error.
[WARN] Skipping prompt (809 chars): Connection error.
[WARN] Skipping prompt (1328 chars): Connection error.
[WARN] Skipping prompt (950 chars): Connection error.
[WARN] Skipping prompt (1240 chars): Connection error.
[WARN] Skipping prompt (1209 chars): Connection error.
[WARN] Skipping prompt (1089 chars): Connection error.
[WARN] Skipping prompt (1029 chars): Connection error.
[WARN] Skipping prompt (1243 chars): Connection error.
[WARN] Skipping prompt (1611 chars): Connection error.
[WARN] Skipping prompt (1024 chars): Connection error.
[WARN] Skipping prompt (974 chars): Connection error.
[WARN] Skipping prompt (1180 chars): Connection error.
[WARN] Skipping prompt (1248 chars): Connection error.
[WARN] Skipping prompt (1125 chars): Connection error.
[WARN] Skipping prompt (1231 chars): Connection error.
[WARN] Skipping prompt (1173 chars): Connection error.
[WARN] Skipping prompt (1303 chars): Connection error.
[WARN] Skipping prompt (1020 chars): Connection error.
[WARN] Skipping prompt (1023 chars): Connection error.
[WARN] Skipping prompt (1365 chars): Connection error.
[WARN] Skipping prompt (1143 chars): Connection error.
[WARN] Skipping prompt (1003 chars): Connection error.
[WARN] Skipping prompt (1769 chars): Connection error.
[WARN] Skipping prompt (1024 chars): Connection error.
[WARN] Skipping prompt (1294 chars): Connection error.
[WARN] Skipping prompt (1151 chars): Connection error.
[WARN] Skipping prompt (1227 chars): Connection error.
[WARN] Skipping prompt (1474 chars): Connection error.
[WARN] Skipping prompt (1483 chars): Connection error.
[WARN] Skipping prompt (1010 chars): Connection error.
[WARN] Skipping prompt (1025 chars): Connection error.
[WARN] Skipping prompt (1015 chars): Connection error.
[WARN] Skipping prompt (1022 chars): Connection error.
[WARN] Skipping prompt (1623 chars): Connection error.
[WARN] Skipping prompt (1361 chars): Connection error.
[WARN] Skipping prompt (896 chars): Connection error.
[WARN] Skipping prompt (1426 chars): Connection error.
[WARN] Skipping prompt (1010 chars): Connection error.
[WARN] Skipping prompt (1080 chars): Connection error.
[WARN] Skipping prompt (1024 chars): Connection error.
[WARN] Skipping prompt (1103 chars): Connection error.
[WARN] Skipping prompt (981 chars): Connection error.
Inference:  42%|████████████████████████████████████████████▉                                                             | 14/33 [04:21<01:26,  4.54s/it][WARN] Skipping prompt (1378 chars): Connection error.
[WARN] Skipping prompt (942 chars): Connection error.
[WARN] Skipping prompt (1323 chars): Connection error.
[WARN] Skipping prompt (1349 chars): Connection error.
[WARN] Skipping prompt (1058 chars): Connection error.
[WARN] Skipping prompt (1100 chars): Connection error.
[WARN] Skipping prompt (1417 chars): Connection error.
[WARN] Skipping prompt (1966 chars): Connection error.
[WARN] Skipping prompt (1026 chars): Connection error.
[WARN] Skipping prompt (959 chars): Connection error.
[WARN] Skipping prompt (1051 chars): Connection error.
[WARN] Skipping prompt (1053 chars): Connection error.
[WARN] Skipping prompt (1285 chars): Connection error.
[WARN] Skipping prompt (970 chars): Connection error.
[WARN] Skipping prompt (1806 chars): Connection error.
[WARN] Skipping prompt (1084 chars): Connection error.
[WARN] Skipping prompt (1157 chars): Connection error.
[WARN] Skipping prompt (1162 chars): Connection error.
[WARN] Skipping prompt (1036 chars): Connection error.
[WARN] Skipping prompt (1061 chars): Connection error.
[WARN] Skipping prompt (1167 chars): Connection error.
[WARN] Skipping prompt (1562 chars): Connection error.
[WARN] Skipping prompt (1384 chars): Connection error.
[WARN] Skipping prompt (1769 chars): Connection error.
[WARN] Skipping prompt (894 chars): Connection error.
[WARN] Skipping prompt (1054 chars): Connection error.
[WARN] Skipping prompt (1239 chars): Connection error.
[WARN] Skipping prompt (1073 chars): Connection error.
[WARN] Skipping prompt (1223 chars): Connection error.
[WARN] Skipping prompt (2432 chars): Connection error.
[WARN] Skipping prompt (1121 chars): Connection error.
[WARN] Skipping prompt (1419 chars): Connection error.
[WARN] Skipping prompt (1076 chars): Connection error.
[WARN] Skipping prompt (1110 chars): Connection error.
[WARN] Skipping prompt (2011 chars): Connection error.
[WARN] Skipping prompt (1443 chars): Connection error.
[WARN] Skipping prompt (952 chars): Connection error.
[WARN] Skipping prompt (1101 chars): Connection error.
[WARN] Skipping prompt (978 chars): Connection error.
[WARN] Skipping prompt (1225 chars): Connection error.
[WARN] Skipping prompt (834 chars): Connection error.
[WARN] Skipping prompt (1005 chars): Connection error.
[WARN] Skipping prompt (1105 chars): Connection error.
[WARN] Skipping prompt (1804 chars): Connection error.
[WARN] Skipping prompt (1615 chars): Connection error.
[WARN] Skipping prompt (1550 chars): Connection error.
[WARN] Skipping prompt (944 chars): Connection error.
[WARN] Skipping prompt (932 chars): Connection error.
[WARN] Skipping prompt (1109 chars): Connection error.
[WARN] Skipping prompt (1037 chars): Connection error.
[WARN] Skipping prompt (1076 chars): Connection error.
[WARN] Skipping prompt (1133 chars): Connection error.
[WARN] Skipping prompt (1197 chars): Connection error.
[WARN] Skipping prompt (998 chars): Connection error.
[WARN] Skipping prompt (2115 chars): Connection error.
[WARN] Skipping prompt (1403 chars): Connection error.
[WARN] Skipping prompt (1054 chars): Connection error.
[WARN] Skipping prompt (1729 chars): Connection error.
[WARN] Skipping prompt (953 chars): Connection error.
[WARN] Skipping prompt (1350 chars): Connection error.
[WARN] Skipping prompt (928 chars): Connection error.
[WARN] Skipping prompt (1136 chars): Connection error.
[WARN] Skipping prompt (1145 chars): Connection error.
[WARN] Skipping prompt (1176 chars): Connection error.
Inference:  45%|████████████████████████████████████████████████▏                                                         | 15/33 [04:24<01:14,  4.15s/it][WARN] Skipping prompt (1040 chars): Connection error.
[WARN] Skipping prompt (893 chars): Connection error.
[WARN] Skipping prompt (1347 chars): Connection error.
[WARN] Skipping prompt (897 chars): Connection error.
[WARN] Skipping prompt (1043 chars): Connection error.
[WARN] Skipping prompt (1125 chars): Connection error.
[WARN] Skipping prompt (1130 chars): Connection error.
[WARN] Skipping prompt (1050 chars): Connection error.
[WARN] Skipping prompt (954 chars): Connection error.
[WARN] Skipping prompt (963 chars): Connection error.
[WARN] Skipping prompt (933 chars): Connection error.
[WARN] Skipping prompt (1486 chars): Connection error.
[WARN] Skipping prompt (1337 chars): Connection error.
[WARN] Skipping prompt (1194 chars): Connection error.
[WARN] Skipping prompt (1112 chars): Connection error.
[WARN] Skipping prompt (1133 chars): Connection error.
[WARN] Skipping prompt (1094 chars): Connection error.
[WARN] Skipping prompt (1290 chars): Connection error.
[WARN] Skipping prompt (1179 chars): Connection error.
[WARN] Skipping prompt (1125 chars): Connection error.
[WARN] Skipping prompt (1367 chars): Connection error.
[WARN] Skipping prompt (790 chars): Connection error.
[WARN] Skipping prompt (1326 chars): Connection error.
[WARN] Skipping prompt (868 chars): Connection error.
[WARN] Skipping prompt (1135 chars): Connection error.
[WARN] Skipping prompt (1460 chars): Connection error.
[WARN] Skipping prompt (836 chars): Connection error.
[WARN] Skipping prompt (1576 chars): Connection error.
[WARN] Skipping prompt (1059 chars): Connection error.
[WARN] Skipping prompt (1488 chars): Connection error.
[WARN] Skipping prompt (1044 chars): Connection error.
[WARN] Skipping prompt (2022 chars): Connection error.
[WARN] Skipping prompt (1002 chars): Connection error.
[WARN] Skipping prompt (1379 chars): Connection error.
[WARN] Skipping prompt (1187 chars): Connection error.
[WARN] Skipping prompt (1324 chars): Connection error.
[WARN] Skipping prompt (1239 chars): Connection error.
[WARN] Skipping prompt (813 chars): Connection error.
[WARN] Skipping prompt (1445 chars): Connection error.
[WARN] Skipping prompt (1684 chars): Connection error.
[WARN] Skipping prompt (1370 chars): Connection error.
[WARN] Skipping prompt (1588 chars): Connection error.
[WARN] Skipping prompt (1350 chars): Connection error.
[WARN] Skipping prompt (1410 chars): Connection error.
[WARN] Skipping prompt (987 chars): Connection error.
[WARN] Skipping prompt (1040 chars): Connection error.
[WARN] Skipping prompt (1603 chars): Connection error.
[WARN] Skipping prompt (927 chars): Connection error.
[WARN] Skipping prompt (1257 chars): Connection error.
[WARN] Skipping prompt (1622 chars): Connection error.
[WARN] Skipping prompt (1282 chars): Connection error.
[WARN] Skipping prompt (1608 chars): Connection error.
[WARN] Skipping prompt (2050 chars): Connection error.
[WARN] Skipping prompt (1602 chars): Connection error.
[WARN] Skipping prompt (1386 chars): Connection error.
[WARN] Skipping prompt (2071 chars): Connection error.
[WARN] Skipping prompt (1099 chars): Connection error.
[WARN] Skipping prompt (1305 chars): Connection error.
[WARN] Skipping prompt (1162 chars): Connection error.
[WARN] Skipping prompt (895 chars): Connection error.
[WARN] Skipping prompt (935 chars): Connection error.
[WARN] Skipping prompt (1130 chars): Connection error.
[WARN] Skipping prompt (1425 chars): Connection error.
[WARN] Skipping prompt (991 chars): Connection error.
Inference:  48%|███████████████████████████████████████████████████▍                                                      | 16/33 [04:27<01:06,  3.88s/it][WARN] Skipping prompt (1258 chars): Connection error.
[WARN] Skipping prompt (1124 chars): Connection error.
[WARN] Skipping prompt (4029 chars): Connection error.
[WARN] Skipping prompt (1175 chars): Connection error.
[WARN] Skipping prompt (1496 chars): Connection error.
[WARN] Skipping prompt (1374 chars): Connection error.
[WARN] Skipping prompt (2166 chars): Connection error.
[WARN] Skipping prompt (1187 chars): Connection error.
[WARN] Skipping prompt (1306 chars): Connection error.
[WARN] Skipping prompt (921 chars): Connection error.
[WARN] Skipping prompt (1138 chars): Connection error.
[WARN] Skipping prompt (939 chars): Connection error.
[WARN] Skipping prompt (2220 chars): Connection error.
[WARN] Skipping prompt (824 chars): Connection error.
[WARN] Skipping prompt (2715 chars): Connection error.
[WARN] Skipping prompt (1134 chars): Connection error.
[WARN] Skipping prompt (1694 chars): Connection error.
[WARN] Skipping prompt (2976 chars): Connection error.
[WARN] Skipping prompt (767 chars): Connection error.
[WARN] Skipping prompt (1656 chars): Connection error.
[WARN] Skipping prompt (1872 chars): Connection error.
[WARN] Skipping prompt (828 chars): Connection error.
[WARN] Skipping prompt (2449 chars): Connection error.
[WARN] Skipping prompt (2325 chars): Connection error.
[WARN] Skipping prompt (1157 chars): Connection error.
[WARN] Skipping prompt (935 chars): Connection error.
[WARN] Skipping prompt (1073 chars): Connection error.
[WARN] Skipping prompt (1270 chars): Connection error.
[WARN] Skipping prompt (880 chars): Connection error.
[WARN] Skipping prompt (1246 chars): Connection error.
[WARN] Skipping prompt (886 chars): Connection error.
[WARN] Skipping prompt (1421 chars): Connection error.
[WARN] Skipping prompt (1908 chars): Connection error.
[WARN] Skipping prompt (880 chars): Connection error.
[WARN] Skipping prompt (3274 chars): Connection error.
[WARN] Skipping prompt (887 chars): Connection error.
[WARN] Skipping prompt (1047 chars): Connection error.
[WARN] Skipping prompt (2098 chars): Connection error.
[WARN] Skipping prompt (1047 chars): Connection error.
[WARN] Skipping prompt (1661 chars): Connection error.
[WARN] Skipping prompt (1083 chars): Connection error.
[WARN] Skipping prompt (1295 chars): Connection error.
[WARN] Skipping prompt (1606 chars): Connection error.
[WARN] Skipping prompt (1459 chars): Connection error.
[WARN] Skipping prompt (2118 chars): Connection error.
[WARN] Skipping prompt (1107 chars): Connection error.
[WARN] Skipping prompt (1247 chars): Connection error.
[WARN] Skipping prompt (1329 chars): Connection error.
[WARN] Skipping prompt (1378 chars): Connection error.
[WARN] Skipping prompt (1087 chars): Connection error.
[WARN] Skipping prompt (1296 chars): Connection error.
[WARN] Skipping prompt (945 chars): Connection error.
[WARN] Skipping prompt (1287 chars): Connection error.
[WARN] Skipping prompt (2046 chars): Connection error.
[WARN] Skipping prompt (1700 chars): Connection error.
[WARN] Skipping prompt (1138 chars): Connection error.
[WARN] Skipping prompt (1562 chars): Connection error.
[WARN] Skipping prompt (2072 chars): Connection error.
[WARN] Skipping prompt (3587 chars): Connection error.
[WARN] Skipping prompt (1250 chars): Connection error.
[WARN] Skipping prompt (1279 chars): Connection error.
[WARN] Skipping prompt (970 chars): Connection error.
[WARN] Skipping prompt (936 chars): Connection error.
[WARN] Skipping prompt (1710 chars): Connection error.
Inference:  52%|██████████████████████████████████████████████████████▌                                                   | 17/33 [04:31<00:59,  3.73s/it][WARN] Skipping prompt (951 chars): Connection error.
[WARN] Skipping prompt (1050 chars): Connection error.
[WARN] Skipping prompt (1362 chars): Connection error.
[WARN] Skipping prompt (1595 chars): Connection error.
[WARN] Skipping prompt (1426 chars): Connection error.
[WARN] Skipping prompt (1273 chars): Connection error.
[WARN] Skipping prompt (1568 chars): Connection error.
[WARN] Skipping prompt (2014 chars): Connection error.
[WARN] Skipping prompt (1662 chars): Connection error.
[WARN] Skipping prompt (1207 chars): Connection error.
[WARN] Skipping prompt (1660 chars): Connection error.
[WARN] Skipping prompt (1126 chars): Connection error.
[WARN] Skipping prompt (1882 chars): Connection error.
[WARN] Skipping prompt (2929 chars): Connection error.
[WARN] Skipping prompt (1984 chars): Connection error.
[WARN] Skipping prompt (1594 chars): Connection error.
[WARN] Skipping prompt (1162 chars): Connection error.
[WARN] Skipping prompt (1167 chars): Connection error.
[WARN] Skipping prompt (1290 chars): Connection error.
[WARN] Skipping prompt (1294 chars): Connection error.
[WARN] Skipping prompt (1299 chars): Connection error.
[WARN] Skipping prompt (1128 chars): Connection error.
[WARN] Skipping prompt (844 chars): Connection error.
[WARN] Skipping prompt (1311 chars): Connection error.
[WARN] Skipping prompt (984 chars): Connection error.
[WARN] Skipping prompt (1049 chars): Connection error.
[WARN] Skipping prompt (1724 chars): Connection error.
[WARN] Skipping prompt (1495 chars): Connection error.
[WARN] Skipping prompt (2507 chars): Connection error.
[WARN] Skipping prompt (1593 chars): Connection error.
[WARN] Skipping prompt (1360 chars): Connection error.
[WARN] Skipping prompt (1811 chars): Connection error.
[WARN] Skipping prompt (1953 chars): Connection error.
[WARN] Skipping prompt (3451 chars): Connection error.
[WARN] Skipping prompt (913 chars): Connection error.
[WARN] Skipping prompt (1050 chars): Connection error.
[WARN] Skipping prompt (1108 chars): Connection error.
[WARN] Skipping prompt (1997 chars): Connection error.
[WARN] Skipping prompt (890 chars): Connection error.
[WARN] Skipping prompt (1010 chars): Connection error.
[WARN] Skipping prompt (2463 chars): Connection error.
[WARN] Skipping prompt (1182 chars): Connection error.
[WARN] Skipping prompt (2628 chars): Connection error.
[WARN] Skipping prompt (823 chars): Connection error.
[WARN] Skipping prompt (1950 chars): Connection error.
[WARN] Skipping prompt (1398 chars): Connection error.
[WARN] Skipping prompt (1659 chars): Connection error.
[WARN] Skipping prompt (936 chars): Connection error.
[WARN] Skipping prompt (960 chars): Connection error.
[WARN] Skipping prompt (1541 chars): Connection error.
[WARN] Skipping prompt (1088 chars): Connection error.
[WARN] Skipping prompt (1259 chars): Connection error.
[WARN] Skipping prompt (1441 chars): Connection error.
[WARN] Skipping prompt (1602 chars): Connection error.
[WARN] Skipping prompt (1171 chars): Connection error.
[WARN] Skipping prompt (1722 chars): Connection error.
[WARN] Skipping prompt (1016 chars): Connection error.
[WARN] Skipping prompt (1392 chars): Connection error.
[WARN] Skipping prompt (1678 chars): Connection error.
[WARN] Skipping prompt (795 chars): Connection error.
[WARN] Skipping prompt (3245 chars): Connection error.
[WARN] Skipping prompt (1205 chars): Connection error.
[WARN] Skipping prompt (1833 chars): Connection error.
[WARN] Skipping prompt (2099 chars): Connection error.
Inference:  55%|█████████████████████████████████████████████████████████▊                                                | 18/33 [04:34<00:53,  3.58s/it][WARN] Skipping prompt (1314 chars): Connection error.
[WARN] Skipping prompt (1275 chars): Connection error.
[WARN] Skipping prompt (1418 chars): Connection error.
[WARN] Skipping prompt (1335 chars): Connection error.
[WARN] Skipping prompt (1844 chars): Connection error.
[WARN] Skipping prompt (1651 chars): Connection error.
[WARN] Skipping prompt (1317 chars): Connection error.
[WARN] Skipping prompt (1132 chars): Connection error.
[WARN] Skipping prompt (1080 chars): Connection error.
[WARN] Skipping prompt (975 chars): Connection error.
[WARN] Skipping prompt (912 chars): Connection error.
[WARN] Skipping prompt (967 chars): Connection error.
[WARN] Skipping prompt (1960 chars): Connection error.
[WARN] Skipping prompt (2382 chars): Connection error.
[WARN] Skipping prompt (1581 chars): Connection error.
[WARN] Skipping prompt (1333 chars): Connection error.
[WARN] Skipping prompt (978 chars): Connection error.
[WARN] Skipping prompt (1428 chars): Connection error.
[WARN] Skipping prompt (1147 chars): Connection error.
[WARN] Skipping prompt (1040 chars): Connection error.
[WARN] Skipping prompt (1048 chars): Connection error.
[WARN] Skipping prompt (1548 chars): Connection error.
[WARN] Skipping prompt (1845 chars): Connection error.
[WARN] Skipping prompt (972 chars): Connection error.
[WARN] Skipping prompt (1100 chars): Connection error.
[WARN] Skipping prompt (2333 chars): Connection error.
[WARN] Skipping prompt (868 chars): Connection error.
[WARN] Skipping prompt (1071 chars): Connection error.
[WARN] Skipping prompt (1301 chars): Connection error.
[WARN] Skipping prompt (1942 chars): Connection error.
[WARN] Skipping prompt (1323 chars): Connection error.
[WARN] Skipping prompt (1540 chars): Connection error.
[WARN] Skipping prompt (2468 chars): Connection error.
[WARN] Skipping prompt (1220 chars): Connection error.
[WARN] Skipping prompt (1422 chars): Connection error.
[WARN] Skipping prompt (1096 chars): Connection error.
[WARN] Skipping prompt (1451 chars): Connection error.
[WARN] Skipping prompt (901 chars): Connection error.
[WARN] Skipping prompt (1160 chars): Connection error.
[WARN] Skipping prompt (1101 chars): Connection error.
[WARN] Skipping prompt (3042 chars): Connection error.
[WARN] Skipping prompt (1079 chars): Connection error.
[WARN] Skipping prompt (1495 chars): Connection error.
[WARN] Skipping prompt (1439 chars): Connection error.
[WARN] Skipping prompt (1204 chars): Connection error.
[WARN] Skipping prompt (1363 chars): Connection error.
[WARN] Skipping prompt (2016 chars): Connection error.
[WARN] Skipping prompt (915 chars): Connection error.
[WARN] Skipping prompt (1165 chars): Connection error.
[WARN] Skipping prompt (909 chars): Connection error.
[WARN] Skipping prompt (1097 chars): Connection error.
[WARN] Skipping prompt (2265 chars): Connection error.
[WARN] Skipping prompt (932 chars): Connection error.
[WARN] Skipping prompt (2168 chars): Connection error.
[WARN] Skipping prompt (1047 chars): Connection error.
[WARN] Skipping prompt (2397 chars): Connection error.
[WARN] Skipping prompt (2262 chars): Connection error.
[WARN] Skipping prompt (1748 chars): Connection error.
[WARN] Skipping prompt (1161 chars): Connection error.
[WARN] Skipping prompt (1043 chars): Connection error.
[WARN] Skipping prompt (1332 chars): Connection error.
[WARN] Skipping prompt (1171 chars): Connection error.
[WARN] Skipping prompt (1239 chars): Connection error.
[WARN] Skipping prompt (1572 chars): Connection error.
Inference:  58%|█████████████████████████████████████████████████████████████                                             | 19/33 [04:37<00:48,  3.49s/it][WARN] Skipping prompt (1392 chars): Connection error.
[WARN] Skipping prompt (1660 chars): Connection error.
[WARN] Skipping prompt (1208 chars): Connection error.
[WARN] Skipping prompt (972 chars): Connection error.
[WARN] Skipping prompt (3189 chars): Connection error.
[WARN] Skipping prompt (1102 chars): Connection error.
[WARN] Skipping prompt (1097 chars): Connection error.
[WARN] Skipping prompt (1546 chars): Connection error.
[WARN] Skipping prompt (1539 chars): Connection error.
[WARN] Skipping prompt (1732 chars): Connection error.
[WARN] Skipping prompt (4074 chars): Connection error.
[WARN] Skipping prompt (2186 chars): Connection error.
[WARN] Skipping prompt (1219 chars): Connection error.
[WARN] Skipping prompt (1139 chars): Connection error.
[WARN] Skipping prompt (1388 chars): Connection error.
[WARN] Skipping prompt (1042 chars): Connection error.
[WARN] Skipping prompt (1417 chars): Connection error.
[WARN] Skipping prompt (4182 chars): Connection error.
[WARN] Skipping prompt (1029 chars): Connection error.
[WARN] Skipping prompt (2477 chars): Connection error.
[WARN] Skipping prompt (980 chars): Connection error.
[WARN] Skipping prompt (1414 chars): Connection error.
[WARN] Skipping prompt (1098 chars): Connection error.
[WARN] Skipping prompt (1579 chars): Connection error.
[WARN] Skipping prompt (1117 chars): Connection error.
[WARN] Skipping prompt (1554 chars): Connection error.
[WARN] Skipping prompt (906 chars): Connection error.
[WARN] Skipping prompt (2133 chars): Connection error.
[WARN] Skipping prompt (933 chars): Connection error.
[WARN] Skipping prompt (1333 chars): Connection error.
[WARN] Skipping prompt (1373 chars): Connection error.
[WARN] Skipping prompt (849 chars): Connection error.
[WARN] Skipping prompt (3375 chars): Connection error.
[WARN] Skipping prompt (1700 chars): Connection error.
[WARN] Skipping prompt (937 chars): Connection error.
[WARN] Skipping prompt (1683 chars): Connection error.
[WARN] Skipping prompt (1308 chars): Connection error.
[WARN] Skipping prompt (2684 chars): Connection error.
[WARN] Skipping prompt (1362 chars): Connection error.
[WARN] Skipping prompt (1385 chars): Connection error.
[WARN] Skipping prompt (1223 chars): Connection error.
[WARN] Skipping prompt (1669 chars): Connection error.
[WARN] Skipping prompt (1547 chars): Connection error.
[WARN] Skipping prompt (1352 chars): Connection error.
[WARN] Skipping prompt (2378 chars): Connection error.
[WARN] Skipping prompt (1227 chars): Connection error.
[WARN] Skipping prompt (1312 chars): Connection error.
[WARN] Skipping prompt (2831 chars): Connection error.
[WARN] Skipping prompt (1586 chars): Connection error.
[WARN] Skipping prompt (1294 chars): Connection error.
[WARN] Skipping prompt (984 chars): Connection error.
[WARN] Skipping prompt (1580 chars): Connection error.
[WARN] Skipping prompt (1180 chars): Connection error.
[WARN] Skipping prompt (1676 chars): Connection error.
[WARN] Skipping prompt (2107 chars): Connection error.
[WARN] Skipping prompt (1325 chars): Connection error.
[WARN] Skipping prompt (854 chars): Connection error.
[WARN] Skipping prompt (1230 chars): Connection error.
[WARN] Skipping prompt (1155 chars): Connection error.
[WARN] Skipping prompt (1220 chars): Connection error.
[WARN] Skipping prompt (1101 chars): Connection error.
[WARN] Skipping prompt (1546 chars): Connection error.
[WARN] Skipping prompt (1457 chars): Connection error.
[WARN] Skipping prompt (2605 chars): Connection error.
Inference:  61%|████████████████████████████████████████████████████████████████▏                                         | 20/33 [04:41<00:44,  3.42s/it][WARN] Skipping prompt (1171 chars): Connection error.
[WARN] Skipping prompt (962 chars): Connection error.
[WARN] Skipping prompt (1128 chars): Connection error.
[WARN] Skipping prompt (1389 chars): Connection error.
[WARN] Skipping prompt (1243 chars): Connection error.
[WARN] Skipping prompt (1388 chars): Connection error.
[WARN] Skipping prompt (2021 chars): Connection error.
[WARN] Skipping prompt (1193 chars): Connection error.
[WARN] Skipping prompt (1051 chars): Connection error.
[WARN] Skipping prompt (1308 chars): Connection error.
[WARN] Skipping prompt (904 chars): Connection error.
[WARN] Skipping prompt (1074 chars): Connection error.
[WARN] Skipping prompt (1071 chars): Connection error.
[WARN] Skipping prompt (1469 chars): Connection error.
[WARN] Skipping prompt (1067 chars): Connection error.
[WARN] Skipping prompt (3169 chars): Connection error.
[WARN] Skipping prompt (1483 chars): Connection error.
[WARN] Skipping prompt (1396 chars): Connection error.
[WARN] Skipping prompt (1210 chars): Connection error.
[WARN] Skipping prompt (1571 chars): Connection error.
[WARN] Skipping prompt (1109 chars): Connection error.
[WARN] Skipping prompt (1432 chars): Connection error.
[WARN] Skipping prompt (2485 chars): Connection error.
[WARN] Skipping prompt (1077 chars): Connection error.
[WARN] Skipping prompt (994 chars): Connection error.
[WARN] Skipping prompt (1692 chars): Connection error.
[WARN] Skipping prompt (947 chars): Connection error.
[WARN] Skipping prompt (967 chars): Connection error.
[WARN] Skipping prompt (886 chars): Connection error.
[WARN] Skipping prompt (1719 chars): Connection error.
[WARN] Skipping prompt (1032 chars): Connection error.
[WARN] Skipping prompt (2212 chars): Connection error.
[WARN] Skipping prompt (847 chars): Connection error.
[WARN] Skipping prompt (1059 chars): Connection error.
[WARN] Skipping prompt (1319 chars): Connection error.
[WARN] Skipping prompt (1133 chars): Connection error.
[WARN] Skipping prompt (1010 chars): Connection error.
[WARN] Skipping prompt (1113 chars): Connection error.
[WARN] Skipping prompt (1331 chars): Connection error.
[WARN] Skipping prompt (1164 chars): Connection error.
[WARN] Skipping prompt (1422 chars): Connection error.
[WARN] Skipping prompt (2870 chars): Connection error.
[WARN] Skipping prompt (1023 chars): Connection error.
[WARN] Skipping prompt (865 chars): Connection error.
[WARN] Skipping prompt (1117 chars): Connection error.
[WARN] Skipping prompt (1009 chars): Connection error.
[WARN] Skipping prompt (1303 chars): Connection error.
[WARN] Skipping prompt (1343 chars): Connection error.
[WARN] Skipping prompt (1562 chars): Connection error.
[WARN] Skipping prompt (992 chars): Connection error.
[WARN] Skipping prompt (1103 chars): Connection error.
[WARN] Skipping prompt (1406 chars): Connection error.
[WARN] Skipping prompt (1343 chars): Connection error.
[WARN] Skipping prompt (1409 chars): Connection error.
[WARN] Skipping prompt (1210 chars): Connection error.
[WARN] Skipping prompt (921 chars): Connection error.
[WARN] Skipping prompt (826 chars): Connection error.
[WARN] Skipping prompt (2189 chars): Connection error.
[WARN] Skipping prompt (1702 chars): Connection error.
[WARN] Skipping prompt (1560 chars): Connection error.
[WARN] Skipping prompt (993 chars): Connection error.
[WARN] Skipping prompt (1201 chars): Connection error.
[WARN] Skipping prompt (1323 chars): Connection error.
[WARN] Skipping prompt (3798 chars): Connection error.
Inference:  64%|███████████████████████████████████████████████████████████████████▍                                      | 21/33 [04:44<00:40,  3.39s/it][WARN] Skipping prompt (860 chars): Connection error.
[WARN] Skipping prompt (1159 chars): Connection error.
[WARN] Skipping prompt (1550 chars): Connection error.
[WARN] Skipping prompt (847 chars): Connection error.
[WARN] Skipping prompt (1036 chars): Connection error.
[WARN] Skipping prompt (1028 chars): Connection error.
[WARN] Skipping prompt (948 chars): Connection error.
[WARN] Skipping prompt (1280 chars): Connection error.
[WARN] Skipping prompt (1579 chars): Connection error.
[WARN] Skipping prompt (1197 chars): Connection error.
[WARN] Skipping prompt (1542 chars): Connection error.
[WARN] Skipping prompt (1127 chars): Connection error.
[WARN] Skipping prompt (1115 chars): Connection error.
[WARN] Skipping prompt (1404 chars): Connection error.
[WARN] Skipping prompt (1795 chars): Connection error.
[WARN] Skipping prompt (1271 chars): Connection error.
[WARN] Skipping prompt (1523 chars): Connection error.
[WARN] Skipping prompt (1440 chars): Connection error.
[WARN] Skipping prompt (1520 chars): Connection error.
[WARN] Skipping prompt (1811 chars): Connection error.
[WARN] Skipping prompt (1476 chars): Connection error.
[WARN] Skipping prompt (1074 chars): Connection error.
[WARN] Skipping prompt (1704 chars): Connection error.
[WARN] Skipping prompt (1239 chars): Connection error.
[WARN] Skipping prompt (1440 chars): Connection error.
[WARN] Skipping prompt (1356 chars): Connection error.
[WARN] Skipping prompt (2130 chars): Connection error.
[WARN] Skipping prompt (3668 chars): Connection error.
[WARN] Skipping prompt (1200 chars): Connection error.
[WARN] Skipping prompt (1012 chars): Connection error.
[WARN] Skipping prompt (2027 chars): Connection error.
[WARN] Skipping prompt (1032 chars): Connection error.
[WARN] Skipping prompt (1131 chars): Connection error.
[WARN] Skipping prompt (1345 chars): Connection error.
[WARN] Skipping prompt (1164 chars): Connection error.
[WARN] Skipping prompt (1139 chars): Connection error.
[WARN] Skipping prompt (973 chars): Connection error.
[WARN] Skipping prompt (1266 chars): Connection error.
[WARN] Skipping prompt (1424 chars): Connection error.
[WARN] Skipping prompt (1123 chars): Connection error.
[WARN] Skipping prompt (821 chars): Connection error.
[WARN] Skipping prompt (1508 chars): Connection error.
[WARN] Skipping prompt (1536 chars): Connection error.
[WARN] Skipping prompt (1315 chars): Connection error.
[WARN] Skipping prompt (1480 chars): Connection error.
[WARN] Skipping prompt (3452 chars): Connection error.
[WARN] Skipping prompt (1680 chars): Connection error.
[WARN] Skipping prompt (1567 chars): Connection error.
[WARN] Skipping prompt (1069 chars): Connection error.
[WARN] Skipping prompt (946 chars): Connection error.
[WARN] Skipping prompt (1454 chars): Connection error.
[WARN] Skipping prompt (1306 chars): Connection error.
[WARN] Skipping prompt (3388 chars): Connection error.
[WARN] Skipping prompt (1478 chars): Connection error.
[WARN] Skipping prompt (1003 chars): Connection error.
[WARN] Skipping prompt (1832 chars): Connection error.
[WARN] Skipping prompt (1408 chars): Connection error.
[WARN] Skipping prompt (993 chars): Connection error.
[WARN] Skipping prompt (999 chars): Connection error.
[WARN] Skipping prompt (2917 chars): Connection error.
[WARN] Skipping prompt (1838 chars): Connection error.
[WARN] Skipping prompt (2042 chars): Connection error.
[WARN] Skipping prompt (1969 chars): Connection error.
[WARN] Skipping prompt (1132 chars): Connection error.
Inference:  67%|██████████████████████████████████████████████████████████████████████▋                                   | 22/33 [04:47<00:36,  3.34s/it][WARN] Skipping prompt (2604 chars): Connection error.
[WARN] Skipping prompt (1105 chars): Connection error.
[WARN] Skipping prompt (2085 chars): Connection error.
[WARN] Skipping prompt (3438 chars): Connection error.
[WARN] Skipping prompt (1479 chars): Connection error.
[WARN] Skipping prompt (1543 chars): Connection error.
[WARN] Skipping prompt (1220 chars): Connection error.
[WARN] Skipping prompt (974 chars): Connection error.
[WARN] Skipping prompt (1428 chars): Connection error.
[WARN] Skipping prompt (1663 chars): Connection error.
[WARN] Skipping prompt (1055 chars): Connection error.
[WARN] Skipping prompt (1726 chars): Connection error.
[WARN] Skipping prompt (1487 chars): Connection error.
[WARN] Skipping prompt (1775 chars): Connection error.
[WARN] Skipping prompt (1258 chars): Connection error.
[WARN] Skipping prompt (1253 chars): Connection error.
[WARN] Skipping prompt (1517 chars): Connection error.
[WARN] Skipping prompt (1063 chars): Connection error.
[WARN] Skipping prompt (2488 chars): Connection error.
[WARN] Skipping prompt (1049 chars): Connection error.
[WARN] Skipping prompt (1006 chars): Connection error.
[WARN] Skipping prompt (907 chars): Connection error.
[WARN] Skipping prompt (1073 chars): Connection error.
[WARN] Skipping prompt (1423 chars): Connection error.
[WARN] Skipping prompt (2955 chars): Connection error.
[WARN] Skipping prompt (1611 chars): Connection error.
[WARN] Skipping prompt (1894 chars): Connection error.
[WARN] Skipping prompt (1184 chars): Connection error.
[WARN] Skipping prompt (1327 chars): Connection error.
[WARN] Skipping prompt (1401 chars): Connection error.
[WARN] Skipping prompt (1119 chars): Connection error.
[WARN] Skipping prompt (1101 chars): Connection error.
[WARN] Skipping prompt (2326 chars): Connection error.
[WARN] Skipping prompt (1313 chars): Connection error.
[WARN] Skipping prompt (1623 chars): Connection error.
[WARN] Skipping prompt (1525 chars): Connection error.
[WARN] Skipping prompt (1426 chars): Connection error.
[WARN] Skipping prompt (1375 chars): Connection error.
[WARN] Skipping prompt (1148 chars): Connection error.
[WARN] Skipping prompt (1456 chars): Connection error.
[WARN] Skipping prompt (1037 chars): Connection error.
[WARN] Skipping prompt (931 chars): Connection error.
[WARN] Skipping prompt (1169 chars): Connection error.
[WARN] Skipping prompt (1133 chars): Connection error.
[WARN] Skipping prompt (982 chars): Connection error.
[WARN] Skipping prompt (1509 chars): Connection error.
[WARN] Skipping prompt (1040 chars): Connection error.
[WARN] Skipping prompt (1582 chars): Connection error.
[WARN] Skipping prompt (1073 chars): Connection error.
[WARN] Skipping prompt (1083 chars): Connection error.
[WARN] Skipping prompt (1189 chars): Connection error.
[WARN] Skipping prompt (1286 chars): Connection error.
[WARN] Skipping prompt (1924 chars): Connection error.
[WARN] Skipping prompt (941 chars): Connection error.
[WARN] Skipping prompt (1000 chars): Connection error.
[WARN] Skipping prompt (1167 chars): Connection error.
[WARN] Skipping prompt (1402 chars): Connection error.
[WARN] Skipping prompt (936 chars): Connection error.
[WARN] Skipping prompt (1083 chars): Connection error.
[WARN] Skipping prompt (995 chars): Connection error.
[WARN] Skipping prompt (1068 chars): Connection error.
[WARN] Skipping prompt (1114 chars): Connection error.
[WARN] Skipping prompt (1205 chars): Connection error.
[WARN] Skipping prompt (1331 chars): Connection error.
Inference:  70%|█████████████████████████████████████████████████████████████████████████▉                                | 23/33 [04:50<00:33,  3.31s/it][WARN] Skipping prompt (1087 chars): Connection error.
[WARN] Skipping prompt (2553 chars): Connection error.
[WARN] Skipping prompt (1130 chars): Connection error.
[WARN] Skipping prompt (1318 chars): Connection error.
[WARN] Skipping prompt (1576 chars): Connection error.
[WARN] Skipping prompt (1495 chars): Connection error.
[WARN] Skipping prompt (1135 chars): Connection error.
[WARN] Skipping prompt (925 chars): Connection error.
[WARN] Skipping prompt (1700 chars): Connection error.
[WARN] Skipping prompt (1600 chars): Connection error.
[WARN] Skipping prompt (876 chars): Connection error.
[WARN] Skipping prompt (3190 chars): Connection error.
[WARN] Skipping prompt (1336 chars): Connection error.
[WARN] Skipping prompt (1086 chars): Connection error.
[WARN] Skipping prompt (1214 chars): Connection error.
[WARN] Skipping prompt (974 chars): Connection error.
[WARN] Skipping prompt (886 chars): Connection error.
[WARN] Skipping prompt (1499 chars): Connection error.
[WARN] Skipping prompt (1338 chars): Connection error.
[WARN] Skipping prompt (2928 chars): Connection error.
[WARN] Skipping prompt (1053 chars): Connection error.
[WARN] Skipping prompt (892 chars): Connection error.
[WARN] Skipping prompt (1615 chars): Connection error.
[WARN] Skipping prompt (1422 chars): Connection error.
[WARN] Skipping prompt (1072 chars): Connection error.
[WARN] Skipping prompt (2114 chars): Connection error.
[WARN] Skipping prompt (1997 chars): Connection error.
[WARN] Skipping prompt (1450 chars): Connection error.
[WARN] Skipping prompt (935 chars): Connection error.
[WARN] Skipping prompt (951 chars): Connection error.
[WARN] Skipping prompt (1591 chars): Connection error.
[WARN] Skipping prompt (1205 chars): Connection error.
[WARN] Skipping prompt (2592 chars): Connection error.
[WARN] Skipping prompt (1903 chars): Connection error.
[WARN] Skipping prompt (1033 chars): Connection error.
[WARN] Skipping prompt (1135 chars): Connection error.
[WARN] Skipping prompt (976 chars): Connection error.
[WARN] Skipping prompt (2349 chars): Connection error.
[WARN] Skipping prompt (1727 chars): Connection error.
[WARN] Skipping prompt (1653 chars): Connection error.
[WARN] Skipping prompt (1415 chars): Connection error.
[WARN] Skipping prompt (845 chars): Connection error.
[WARN] Skipping prompt (1306 chars): Connection error.
[WARN] Skipping prompt (1372 chars): Connection error.
[WARN] Skipping prompt (3858 chars): Connection error.
[WARN] Skipping prompt (2888 chars): Connection error.
[WARN] Skipping prompt (846 chars): Connection error.
[WARN] Skipping prompt (1059 chars): Connection error.
[WARN] Skipping prompt (1009 chars): Connection error.
[WARN] Skipping prompt (1570 chars): Connection error.
[WARN] Skipping prompt (909 chars): Connection error.
[WARN] Skipping prompt (1304 chars): Connection error.
[WARN] Skipping prompt (1151 chars): Connection error.
[WARN] Skipping prompt (2674 chars): Connection error.
[WARN] Skipping prompt (1528 chars): Connection error.
[WARN] Skipping prompt (1155 chars): Connection error.
[WARN] Skipping prompt (1366 chars): Connection error.
[WARN] Skipping prompt (969 chars): Connection error.
[WARN] Skipping prompt (1551 chars): Connection error.
[WARN] Skipping prompt (1008 chars): Connection error.
[WARN] Skipping prompt (1159 chars): Connection error.
[WARN] Skipping prompt (895 chars): Connection error.
[WARN] Skipping prompt (978 chars): Connection error.
[WARN] Skipping prompt (918 chars): Connection error.
Inference:  73%|█████████████████████████████████████████████████████████████████████████████                             | 24/33 [04:54<00:29,  3.28s/it][WARN] Skipping prompt (1301 chars): Connection error.
[WARN] Skipping prompt (1004 chars): Connection error.
[WARN] Skipping prompt (1291 chars): Connection error.
[WARN] Skipping prompt (1851 chars): Connection error.
[WARN] Skipping prompt (1658 chars): Connection error.
[WARN] Skipping prompt (1021 chars): Connection error.
[WARN] Skipping prompt (1646 chars): Connection error.
[WARN] Skipping prompt (1238 chars): Connection error.
[WARN] Skipping prompt (1678 chars): Connection error.
[WARN] Skipping prompt (2384 chars): Connection error.
[WARN] Skipping prompt (1673 chars): Connection error.
[WARN] Skipping prompt (950 chars): Connection error.
[WARN] Skipping prompt (1095 chars): Connection error.
[WARN] Skipping prompt (1230 chars): Connection error.
[WARN] Skipping prompt (1322 chars): Connection error.
[WARN] Skipping prompt (914 chars): Connection error.
[WARN] Skipping prompt (862 chars): Connection error.
[WARN] Skipping prompt (1362 chars): Connection error.
[WARN] Skipping prompt (1648 chars): Connection error.
[WARN] Skipping prompt (1185 chars): Connection error.
[WARN] Skipping prompt (1091 chars): Connection error.
[WARN] Skipping prompt (2014 chars): Connection error.
[WARN] Skipping prompt (1535 chars): Connection error.
[WARN] Skipping prompt (3766 chars): Connection error.
[WARN] Skipping prompt (1683 chars): Connection error.
[WARN] Skipping prompt (2079 chars): Connection error.
[WARN] Skipping prompt (1243 chars): Connection error.
[WARN] Skipping prompt (1986 chars): Connection error.
[WARN] Skipping prompt (1037 chars): Connection error.
[WARN] Skipping prompt (884 chars): Connection error.
[WARN] Skipping prompt (1091 chars): Connection error.
[WARN] Skipping prompt (1235 chars): Connection error.
[WARN] Skipping prompt (853 chars): Connection error.
[WARN] Skipping prompt (1225 chars): Connection error.
[WARN] Skipping prompt (1205 chars): Connection error.
[WARN] Skipping prompt (884 chars): Connection error.
[WARN] Skipping prompt (897 chars): Connection error.
[WARN] Skipping prompt (1670 chars): Connection error.
[WARN] Skipping prompt (1069 chars): Connection error.
[WARN] Skipping prompt (1210 chars): Connection error.
[WARN] Skipping prompt (2030 chars): Connection error.
[WARN] Skipping prompt (1051 chars): Connection error.
[WARN] Skipping prompt (1022 chars): Connection error.
[WARN] Skipping prompt (1207 chars): Connection error.
[WARN] Skipping prompt (1820 chars): Connection error.
[WARN] Skipping prompt (1083 chars): Connection error.
[WARN] Skipping prompt (1073 chars): Connection error.
[WARN] Skipping prompt (827 chars): Connection error.
[WARN] Skipping prompt (1415 chars): Connection error.
[WARN] Skipping prompt (3478 chars): Connection error.
[WARN] Skipping prompt (1346 chars): Connection error.
[WARN] Skipping prompt (1552 chars): Connection error.
[WARN] Skipping prompt (1119 chars): Connection error.
[WARN] Skipping prompt (1124 chars): Connection error.
[WARN] Skipping prompt (1017 chars): Connection error.
[WARN] Skipping prompt (1077 chars): Connection error.
[WARN] Skipping prompt (1405 chars): Connection error.
[WARN] Skipping prompt (1067 chars): Connection error.
[WARN] Skipping prompt (988 chars): Connection error.
[WARN] Skipping prompt (2326 chars): Connection error.
[WARN] Skipping prompt (1352 chars): Connection error.
[WARN] Skipping prompt (1613 chars): Connection error.
[WARN] Skipping prompt (919 chars): Connection error.
[WARN] Skipping prompt (1927 chars): Connection error.
Inference:  76%|████████████████████████████████████████████████████████████████████████████████▎                         | 25/33 [04:57<00:26,  3.27s/it][WARN] Skipping prompt (962 chars): Connection error.
[WARN] Skipping prompt (1400 chars): Connection error.
[WARN] Skipping prompt (1173 chars): Connection error.
[WARN] Skipping prompt (2173 chars): Connection error.
[WARN] Skipping prompt (2571 chars): Connection error.
[WARN] Skipping prompt (2466 chars): Connection error.
[WARN] Skipping prompt (1285 chars): Connection error.
[WARN] Skipping prompt (1299 chars): Connection error.
[WARN] Skipping prompt (4345 chars): Connection error.
[WARN] Skipping prompt (970 chars): Connection error.
[WARN] Skipping prompt (1320 chars): Connection error.
[WARN] Skipping prompt (996 chars): Connection error.
[WARN] Skipping prompt (1279 chars): Connection error.
[WARN] Skipping prompt (1265 chars): Connection error.
[WARN] Skipping prompt (1136 chars): Connection error.
[WARN] Skipping prompt (3335 chars): Connection error.
[WARN] Skipping prompt (2110 chars): Connection error.
[WARN] Skipping prompt (1556 chars): Connection error.
[WARN] Skipping prompt (1269 chars): Connection error.
[WARN] Skipping prompt (986 chars): Connection error.
[WARN] Skipping prompt (1651 chars): Connection error.
[WARN] Skipping prompt (793 chars): Connection error.
[WARN] Skipping prompt (1554 chars): Connection error.
[WARN] Skipping prompt (931 chars): Connection error.
[WARN] Skipping prompt (1583 chars): Connection error.
[WARN] Skipping prompt (1600 chars): Connection error.
[WARN] Skipping prompt (1426 chars): Connection error.
[WARN] Skipping prompt (1087 chars): Connection error.
[WARN] Skipping prompt (826 chars): Connection error.
[WARN] Skipping prompt (2256 chars): Connection error.
[WARN] Skipping prompt (3213 chars): Connection error.
[WARN] Skipping prompt (870 chars): Connection error.
[WARN] Skipping prompt (1073 chars): Connection error.
[WARN] Skipping prompt (974 chars): Connection error.
[WARN] Skipping prompt (1653 chars): Connection error.
[WARN] Skipping prompt (763 chars): Connection error.
[WARN] Skipping prompt (1002 chars): Connection error.
[WARN] Skipping prompt (1257 chars): Connection error.
[WARN] Skipping prompt (1365 chars): Connection error.
[WARN] Skipping prompt (925 chars): Connection error.
[WARN] Skipping prompt (1217 chars): Connection error.
[WARN] Skipping prompt (1535 chars): Connection error.
[WARN] Skipping prompt (1484 chars): Connection error.
[WARN] Skipping prompt (1709 chars): Connection error.
[WARN] Skipping prompt (1131 chars): Connection error.
[WARN] Skipping prompt (1195 chars): Connection error.
[WARN] Skipping prompt (930 chars): Connection error.
[WARN] Skipping prompt (2844 chars): Connection error.
[WARN] Skipping prompt (1126 chars): Connection error.
[WARN] Skipping prompt (1057 chars): Connection error.
[WARN] Skipping prompt (919 chars): Connection error.
[WARN] Skipping prompt (1673 chars): Connection error.
[WARN] Skipping prompt (912 chars): Connection error.
[WARN] Skipping prompt (1055 chars): Connection error.
[WARN] Skipping prompt (1235 chars): Connection error.
[WARN] Skipping prompt (1113 chars): Connection error.
[WARN] Skipping prompt (1298 chars): Connection error.
[WARN] Skipping prompt (1045 chars): Connection error.
[WARN] Skipping prompt (2968 chars): Connection error.
[WARN] Skipping prompt (1187 chars): Connection error.
[WARN] Skipping prompt (1105 chars): Connection error.
[WARN] Skipping prompt (925 chars): Connection error.
[WARN] Skipping prompt (1292 chars): Connection error.
[WARN] Skipping prompt (1238 chars): Connection error.
Inference:  79%|███████████████████████████████████████████████████████████████████████████████████▌                      | 26/33 [05:00<00:22,  3.26s/it][WARN] Skipping prompt (851 chars): Connection error.
[WARN] Skipping prompt (1389 chars): Connection error.
[WARN] Skipping prompt (1248 chars): Connection error.
[WARN] Skipping prompt (1063 chars): Connection error.
[WARN] Skipping prompt (902 chars): Connection error.
[WARN] Skipping prompt (987 chars): Connection error.
[WARN] Skipping prompt (1349 chars): Connection error.
[WARN] Skipping prompt (1318 chars): Connection error.
[WARN] Skipping prompt (2791 chars): Connection error.
[WARN] Skipping prompt (975 chars): Connection error.
[WARN] Skipping prompt (933 chars): Connection error.
[WARN] Skipping prompt (2259 chars): Connection error.
[WARN] Skipping prompt (1269 chars): Connection error.
[WARN] Skipping prompt (1468 chars): Connection error.
[WARN] Skipping prompt (1241 chars): Connection error.
[WARN] Skipping prompt (1536 chars): Connection error.
[WARN] Skipping prompt (919 chars): Connection error.
[WARN] Skipping prompt (1071 chars): Connection error.
[WARN] Skipping prompt (2065 chars): Connection error.
[WARN] Skipping prompt (916 chars): Connection error.
[WARN] Skipping prompt (910 chars): Connection error.
[WARN] Skipping prompt (1462 chars): Connection error.
[WARN] Skipping prompt (1275 chars): Connection error.
[WARN] Skipping prompt (1081 chars): Connection error.
[WARN] Skipping prompt (1090 chars): Connection error.
[WARN] Skipping prompt (2280 chars): Connection error.
[WARN] Skipping prompt (995 chars): Connection error.
[WARN] Skipping prompt (966 chars): Connection error.
[WARN] Skipping prompt (1559 chars): Connection error.
[WARN] Skipping prompt (1629 chars): Connection error.
[WARN] Skipping prompt (1227 chars): Connection error.
[WARN] Skipping prompt (1454 chars): Connection error.
[WARN] Skipping prompt (3990 chars): Connection error.
[WARN] Skipping prompt (1291 chars): Connection error.
[WARN] Skipping prompt (2795 chars): Connection error.
[WARN] Skipping prompt (1277 chars): Connection error.
[WARN] Skipping prompt (1463 chars): Connection error.
[WARN] Skipping prompt (1051 chars): Connection error.
[WARN] Skipping prompt (928 chars): Connection error.
[WARN] Skipping prompt (1165 chars): Connection error.
[WARN] Skipping prompt (943 chars): Connection error.
[WARN] Skipping prompt (1052 chars): Connection error.
[WARN] Skipping prompt (948 chars): Connection error.
[WARN] Skipping prompt (1068 chars): Connection error.
[WARN] Skipping prompt (1627 chars): Connection error.
[WARN] Skipping prompt (1361 chars): Connection error.
[WARN] Skipping prompt (1818 chars): Connection error.
[WARN] Skipping prompt (1641 chars): Connection error.
[WARN] Skipping prompt (2646 chars): Connection error.
[WARN] Skipping prompt (1498 chars): Connection error.
[WARN] Skipping prompt (1438 chars): Connection error.
[WARN] Skipping prompt (1602 chars): Connection error.
[WARN] Skipping prompt (1770 chars): Connection error.
[WARN] Skipping prompt (1727 chars): Connection error.
[WARN] Skipping prompt (965 chars): Connection error.
[WARN] Skipping prompt (1155 chars): Connection error.
[WARN] Skipping prompt (1442 chars): Connection error.
[WARN] Skipping prompt (1602 chars): Connection error.
[WARN] Skipping prompt (1492 chars): Connection error.
[WARN] Skipping prompt (1448 chars): Connection error.
[WARN] Skipping prompt (2222 chars): Connection error.
[WARN] Skipping prompt (2581 chars): Connection error.
[WARN] Skipping prompt (2727 chars): Connection error.
[WARN] Skipping prompt (1061 chars): Connection error.
Inference:  82%|██████████████████████████████████████████████████████████████████████████████████████▋                   | 27/33 [05:03<00:19,  3.27s/it][WARN] Skipping prompt (1070 chars): Connection error.
[WARN] Skipping prompt (2031 chars): Connection error.
[WARN] Skipping prompt (1142 chars): Connection error.
[WARN] Skipping prompt (1134 chars): Connection error.
[WARN] Skipping prompt (805 chars): Connection error.
[WARN] Skipping prompt (1087 chars): Connection error.
[WARN] Skipping prompt (1029 chars): Connection error.
[WARN] Skipping prompt (936 chars): Connection error.
[WARN] Skipping prompt (2333 chars): Connection error.
[WARN] Skipping prompt (1230 chars): Connection error.
[WARN] Skipping prompt (1014 chars): Connection error.
[WARN] Skipping prompt (1127 chars): Connection error.
[WARN] Skipping prompt (2039 chars): Connection error.
[WARN] Skipping prompt (1221 chars): Connection error.
[WARN] Skipping prompt (2180 chars): Connection error.
[WARN] Skipping prompt (1637 chars): Connection error.
[WARN] Skipping prompt (936 chars): Connection error.
[WARN] Skipping prompt (1307 chars): Connection error.
[WARN] Skipping prompt (1451 chars): Connection error.
[WARN] Skipping prompt (1180 chars): Connection error.
[WARN] Skipping prompt (1413 chars): Connection error.
[WARN] Skipping prompt (1263 chars): Connection error.
[WARN] Skipping prompt (1298 chars): Connection error.
[WARN] Skipping prompt (2552 chars): Connection error.
[WARN] Skipping prompt (1554 chars): Connection error.
[WARN] Skipping prompt (1201 chars): Connection error.
[WARN] Skipping prompt (1394 chars): Connection error.
[WARN] Skipping prompt (900 chars): Connection error.
[WARN] Skipping prompt (1330 chars): Connection error.
[WARN] Skipping prompt (1283 chars): Connection error.
[WARN] Skipping prompt (1615 chars): Connection error.
[WARN] Skipping prompt (944 chars): Connection error.
[WARN] Skipping prompt (1158 chars): Connection error.
[WARN] Skipping prompt (872 chars): Connection error.
[WARN] Skipping prompt (1563 chars): Connection error.
[WARN] Skipping prompt (2745 chars): Connection error.
[WARN] Skipping prompt (3022 chars): Connection error.
[WARN] Skipping prompt (3507 chars): Connection error.
[WARN] Skipping prompt (1549 chars): Connection error.
[WARN] Skipping prompt (1219 chars): Connection error.
[WARN] Skipping prompt (1082 chars): Connection error.
[WARN] Skipping prompt (1708 chars): Connection error.
[WARN] Skipping prompt (2580 chars): Connection error.
[WARN] Skipping prompt (1393 chars): Connection error.
[WARN] Skipping prompt (1574 chars): Connection error.
[WARN] Skipping prompt (1348 chars): Connection error.
[WARN] Skipping prompt (815 chars): Connection error.
[WARN] Skipping prompt (1736 chars): Connection error.
[WARN] Skipping prompt (866 chars): Connection error.
[WARN] Skipping prompt (1538 chars): Connection error.
[WARN] Skipping prompt (1438 chars): Connection error.
[WARN] Skipping prompt (1182 chars): Connection error.
[WARN] Skipping prompt (934 chars): Connection error.
[WARN] Skipping prompt (1083 chars): Connection error.
[WARN] Skipping prompt (1751 chars): Connection error.
[WARN] Skipping prompt (1292 chars): Connection error.
[WARN] Skipping prompt (817 chars): Connection error.
[WARN] Skipping prompt (1393 chars): Connection error.
[WARN] Skipping prompt (2311 chars): Connection error.
[WARN] Skipping prompt (1371 chars): Connection error.
[WARN] Skipping prompt (1439 chars): Connection error.
[WARN] Skipping prompt (1554 chars): Connection error.
[WARN] Skipping prompt (923 chars): Connection error.
[WARN] Skipping prompt (1150 chars): Connection error.
Inference:  85%|█████████████████████████████████████████████████████████████████████████████████████████▉                | 28/33 [05:07<00:16,  3.27s/it][WARN] Skipping prompt (1135 chars): Connection error.
[WARN] Skipping prompt (1767 chars): Connection error.
[WARN] Skipping prompt (1801 chars): Connection error.
[WARN] Skipping prompt (959 chars): Connection error.
[WARN] Skipping prompt (1150 chars): Connection error.
[WARN] Skipping prompt (2155 chars): Connection error.
[WARN] Skipping prompt (1054 chars): Connection error.
[WARN] Skipping prompt (1721 chars): Connection error.
[WARN] Skipping prompt (2549 chars): Connection error.
[WARN] Skipping prompt (858 chars): Connection error.
[WARN] Skipping prompt (1510 chars): Connection error.
[WARN] Skipping prompt (1177 chars): Connection error.
[WARN] Skipping prompt (2523 chars): Connection error.
[WARN] Skipping prompt (1174 chars): Connection error.
[WARN] Skipping prompt (1249 chars): Connection error.
[WARN] Skipping prompt (2817 chars): Connection error.
[WARN] Skipping prompt (1226 chars): Connection error.
[WARN] Skipping prompt (1104 chars): Connection error.
[WARN] Skipping prompt (3044 chars): Connection error.
[WARN] Skipping prompt (1354 chars): Connection error.
[WARN] Skipping prompt (1141 chars): Connection error.
[WARN] Skipping prompt (4175 chars): Connection error.
[WARN] Skipping prompt (1030 chars): Connection error.
[WARN] Skipping prompt (1254 chars): Connection error.
[WARN] Skipping prompt (1697 chars): Connection error.
[WARN] Skipping prompt (1480 chars): Connection error.
[WARN] Skipping prompt (1023 chars): Connection error.
[WARN] Skipping prompt (2806 chars): Connection error.
[WARN] Skipping prompt (915 chars): Connection error.
[WARN] Skipping prompt (1015 chars): Connection error.
[WARN] Skipping prompt (1090 chars): Connection error.
[WARN] Skipping prompt (2383 chars): Connection error.
[WARN] Skipping prompt (2363 chars): Connection error.
[WARN] Skipping prompt (1154 chars): Connection error.
[WARN] Skipping prompt (1470 chars): Connection error.
[WARN] Skipping prompt (955 chars): Connection error.
[WARN] Skipping prompt (1024 chars): Connection error.
[WARN] Skipping prompt (1138 chars): Connection error.
[WARN] Skipping prompt (1224 chars): Connection error.
[WARN] Skipping prompt (1205 chars): Connection error.
[WARN] Skipping prompt (2116 chars): Connection error.
[WARN] Skipping prompt (1322 chars): Connection error.
[WARN] Skipping prompt (888 chars): Connection error.
[WARN] Skipping prompt (1127 chars): Connection error.
[WARN] Skipping prompt (1060 chars): Connection error.
[WARN] Skipping prompt (960 chars): Connection error.
[WARN] Skipping prompt (1638 chars): Connection error.
[WARN] Skipping prompt (891 chars): Connection error.
[WARN] Skipping prompt (1450 chars): Connection error.
[WARN] Skipping prompt (989 chars): Connection error.
[WARN] Skipping prompt (788 chars): Connection error.
[WARN] Skipping prompt (967 chars): Connection error.
[WARN] Skipping prompt (1141 chars): Connection error.
[WARN] Skipping prompt (966 chars): Connection error.
[WARN] Skipping prompt (1328 chars): Connection error.
[WARN] Skipping prompt (1140 chars): Connection error.
[WARN] Skipping prompt (1098 chars): Connection error.
[WARN] Skipping prompt (2254 chars): Connection error.
[WARN] Skipping prompt (2527 chars): Connection error.
[WARN] Skipping prompt (1511 chars): Connection error.
[WARN] Skipping prompt (1669 chars): Connection error.
[WARN] Skipping prompt (968 chars): Connection error.
[WARN] Skipping prompt (1510 chars): Connection error.
[WARN] Skipping prompt (1062 chars): Connection error.
Inference:  88%|█████████████████████████████████████████████████████████████████████████████████████████████▏            | 29/33 [05:10<00:13,  3.26s/it][WARN] Skipping prompt (1537 chars): Connection error.
[WARN] Skipping prompt (1372 chars): Connection error.
[WARN] Skipping prompt (1732 chars): Connection error.
[WARN] Skipping prompt (1559 chars): Connection error.
[WARN] Skipping prompt (3100 chars): Connection error.
[WARN] Skipping prompt (3556 chars): Connection error.
[WARN] Skipping prompt (2228 chars): Connection error.
[WARN] Skipping prompt (1311 chars): Connection error.
[WARN] Skipping prompt (980 chars): Connection error.
[WARN] Skipping prompt (913 chars): Connection error.
[WARN] Skipping prompt (1710 chars): Connection error.
[WARN] Skipping prompt (1045 chars): Connection error.
[WARN] Skipping prompt (1105 chars): Connection error.
[WARN] Skipping prompt (2325 chars): Connection error.
[WARN] Skipping prompt (1200 chars): Connection error.
[WARN] Skipping prompt (1372 chars): Connection error.
[WARN] Skipping prompt (1476 chars): Connection error.
[WARN] Skipping prompt (803 chars): Connection error.
[WARN] Skipping prompt (1187 chars): Connection error.
[WARN] Skipping prompt (2767 chars): Connection error.
[WARN] Skipping prompt (3979 chars): Connection error.
[WARN] Skipping prompt (915 chars): Connection error.
[WARN] Skipping prompt (1564 chars): Connection error.
[WARN] Skipping prompt (2963 chars): Connection error.
[WARN] Skipping prompt (999 chars): Connection error.
[WARN] Skipping prompt (1388 chars): Connection error.
[WARN] Skipping prompt (1791 chars): Connection error.
[WARN] Skipping prompt (1184 chars): Connection error.
[WARN] Skipping prompt (839 chars): Connection error.
[WARN] Skipping prompt (1172 chars): Connection error.
[WARN] Skipping prompt (1388 chars): Connection error.
[WARN] Skipping prompt (1564 chars): Connection error.
[WARN] Skipping prompt (1203 chars): Connection error.
[WARN] Skipping prompt (1141 chars): Connection error.
[WARN] Skipping prompt (1189 chars): Connection error.
[WARN] Skipping prompt (1572 chars): Connection error.
[WARN] Skipping prompt (1264 chars): Connection error.
[WARN] Skipping prompt (1203 chars): Connection error.
[WARN] Skipping prompt (1059 chars): Connection error.
[WARN] Skipping prompt (1381 chars): Connection error.
[WARN] Skipping prompt (3864 chars): Connection error.
[WARN] Skipping prompt (855 chars): Connection error.
[WARN] Skipping prompt (1652 chars): Connection error.
[WARN] Skipping prompt (1021 chars): Connection error.
[WARN] Skipping prompt (3572 chars): Connection error.
[WARN] Skipping prompt (1126 chars): Connection error.
[WARN] Skipping prompt (1002 chars): Connection error.
[WARN] Skipping prompt (1011 chars): Connection error.
[WARN] Skipping prompt (1153 chars): Connection error.
[WARN] Skipping prompt (2821 chars): Connection error.
[WARN] Skipping prompt (1510 chars): Connection error.
[WARN] Skipping prompt (2282 chars): Connection error.
[WARN] Skipping prompt (1045 chars): Connection error.
[WARN] Skipping prompt (1324 chars): Connection error.
[WARN] Skipping prompt (1309 chars): Connection error.
[WARN] Skipping prompt (941 chars): Connection error.
[WARN] Skipping prompt (1009 chars): Connection error.
[WARN] Skipping prompt (1731 chars): Connection error.
[WARN] Skipping prompt (1370 chars): Connection error.
[WARN] Skipping prompt (1926 chars): Connection error.
[WARN] Skipping prompt (1783 chars): Connection error.
[WARN] Skipping prompt (1102 chars): Connection error.
[WARN] Skipping prompt (1033 chars): Connection error.
[WARN] Skipping prompt (1732 chars): Connection error.
Inference:  91%|████████████████████████████████████████████████████████████████████████████████████████████████▎         | 30/33 [05:13<00:09,  3.27s/it][WARN] Skipping prompt (1397 chars): Connection error.
[WARN] Skipping prompt (1025 chars): Connection error.
[WARN] Skipping prompt (1328 chars): Connection error.
[WARN] Skipping prompt (963 chars): Connection error.
[WARN] Skipping prompt (3066 chars): Connection error.
[WARN] Skipping prompt (1182 chars): Connection error.
[WARN] Skipping prompt (1541 chars): Connection error.
[WARN] Skipping prompt (878 chars): Connection error.
[WARN] Skipping prompt (2208 chars): Connection error.
[WARN] Skipping prompt (1113 chars): Connection error.
[WARN] Skipping prompt (2016 chars): Connection error.
[WARN] Skipping prompt (1049 chars): Connection error.
[WARN] Skipping prompt (913 chars): Connection error.
[WARN] Skipping prompt (1447 chars): Connection error.
[WARN] Skipping prompt (1596 chars): Connection error.
[WARN] Skipping prompt (2650 chars): Connection error.
[WARN] Skipping prompt (1172 chars): Connection error.
[WARN] Skipping prompt (1320 chars): Connection error.
[WARN] Skipping prompt (1410 chars): Connection error.
[WARN] Skipping prompt (1166 chars): Connection error.
[WARN] Skipping prompt (2159 chars): Connection error.
[WARN] Skipping prompt (1733 chars): Connection error.
[WARN] Skipping prompt (1952 chars): Connection error.
[WARN] Skipping prompt (1439 chars): Connection error.
[WARN] Skipping prompt (1186 chars): Connection error.
[WARN] Skipping prompt (1030 chars): Connection error.
[WARN] Skipping prompt (1706 chars): Connection error.
[WARN] Skipping prompt (1146 chars): Connection error.
[WARN] Skipping prompt (3007 chars): Connection error.
[WARN] Skipping prompt (904 chars): Connection error.
[WARN] Skipping prompt (1665 chars): Connection error.
[WARN] Skipping prompt (2594 chars): Connection error.
[WARN] Skipping prompt (1662 chars): Connection error.
[WARN] Skipping prompt (2445 chars): Connection error.
[WARN] Skipping prompt (1866 chars): Connection error.
[WARN] Skipping prompt (1583 chars): Connection error.
[WARN] Skipping prompt (2322 chars): Connection error.
[WARN] Skipping prompt (1054 chars): Connection error.
[WARN] Skipping prompt (1903 chars): Connection error.
[WARN] Skipping prompt (1095 chars): Connection error.
[WARN] Skipping prompt (3477 chars): Connection error.
[WARN] Skipping prompt (898 chars): Connection error.
[WARN] Skipping prompt (1710 chars): Connection error.
[WARN] Skipping prompt (1508 chars): Connection error.
[WARN] Skipping prompt (1614 chars): Connection error.
[WARN] Skipping prompt (1552 chars): Connection error.
[WARN] Skipping prompt (1375 chars): Connection error.
[WARN] Skipping prompt (1590 chars): Connection error.
[WARN] Skipping prompt (2845 chars): Connection error.
[WARN] Skipping prompt (2785 chars): Connection error.
[WARN] Skipping prompt (1064 chars): Connection error.
[WARN] Skipping prompt (807 chars): Connection error.
[WARN] Skipping prompt (1511 chars): Connection error.
[WARN] Skipping prompt (1052 chars): Connection error.
[WARN] Skipping prompt (1239 chars): Connection error.
[WARN] Skipping prompt (1644 chars): Connection error.
[WARN] Skipping prompt (961 chars): Connection error.
[WARN] Skipping prompt (1523 chars): Connection error.
[WARN] Skipping prompt (1608 chars): Connection error.
[WARN] Skipping prompt (1315 chars): Connection error.
[WARN] Skipping prompt (1362 chars): Connection error.
[WARN] Skipping prompt (1661 chars): Connection error.
[WARN] Skipping prompt (1058 chars): Connection error.
[WARN] Skipping prompt (1053 chars): Connection error.
Inference:  94%|███████████████████████████████████████████████████████████████████████████████████████████████████▌      | 31/33 [05:16<00:06,  3.24s/it][WARN] Skipping prompt (1553 chars): Connection error.
[WARN] Skipping prompt (963 chars): Connection error.
[WARN] Skipping prompt (1296 chars): Connection error.
[WARN] Skipping prompt (1297 chars): Connection error.
[WARN] Skipping prompt (1181 chars): Connection error.
[WARN] Skipping prompt (2586 chars): Connection error.
[WARN] Skipping prompt (3009 chars): Connection error.
[WARN] Skipping prompt (1326 chars): Connection error.
[WARN] Skipping prompt (895 chars): Connection error.
[WARN] Skipping prompt (874 chars): Connection error.
[WARN] Skipping prompt (3595 chars): Connection error.
[WARN] Skipping prompt (1892 chars): Connection error.
[WARN] Skipping prompt (2826 chars): Connection error.
[WARN] Skipping prompt (1410 chars): Connection error.
[WARN] Skipping prompt (1108 chars): Connection error.
[WARN] Skipping prompt (3892 chars): Connection error.
[WARN] Skipping prompt (931 chars): Connection error.
[WARN] Skipping prompt (1073 chars): Connection error.
[WARN] Skipping prompt (1534 chars): Connection error.
[WARN] Skipping prompt (1083 chars): Connection error.
[WARN] Skipping prompt (1273 chars): Connection error.
[WARN] Skipping prompt (1480 chars): Connection error.
[WARN] Skipping prompt (1078 chars): Connection error.
[WARN] Skipping prompt (1212 chars): Connection error.
[WARN] Skipping prompt (1349 chars): Connection error.
[WARN] Skipping prompt (1058 chars): Connection error.
[WARN] Skipping prompt (2711 chars): Connection error.
[WARN] Skipping prompt (1346 chars): Connection error.
[WARN] Skipping prompt (1020 chars): Connection error.
[WARN] Skipping prompt (1664 chars): Connection error.
[WARN] Skipping prompt (1914 chars): Connection error.
[WARN] Skipping prompt (1652 chars): Connection error.
[WARN] Skipping prompt (1315 chars): Connection error.
[WARN] Skipping prompt (1253 chars): Connection error.
[WARN] Skipping prompt (1262 chars): Connection error.
[WARN] Skipping prompt (1328 chars): Connection error.
[WARN] Skipping prompt (1477 chars): Connection error.
[WARN] Skipping prompt (1257 chars): Connection error.
[WARN] Skipping prompt (968 chars): Connection error.
[WARN] Skipping prompt (935 chars): Connection error.
[WARN] Skipping prompt (1108 chars): Connection error.
[WARN] Skipping prompt (1478 chars): Connection error.
[WARN] Skipping prompt (1033 chars): Connection error.
[WARN] Skipping prompt (1728 chars): Connection error.
[WARN] Skipping prompt (1142 chars): Connection error.
[WARN] Skipping prompt (1030 chars): Connection error.
[WARN] Skipping prompt (921 chars): Connection error.
[WARN] Skipping prompt (1531 chars): Connection error.
[WARN] Skipping prompt (1562 chars): Connection error.
[WARN] Skipping prompt (1243 chars): Connection error.
[WARN] Skipping prompt (1048 chars): Connection error.
[WARN] Skipping prompt (1147 chars): Connection error.
[WARN] Skipping prompt (3694 chars): Connection error.
[WARN] Skipping prompt (1507 chars): Connection error.
[WARN] Skipping prompt (1210 chars): Connection error.
[WARN] Skipping prompt (1466 chars): Connection error.
[WARN] Skipping prompt (1015 chars): Connection error.
[WARN] Skipping prompt (1372 chars): Connection error.
[WARN] Skipping prompt (1357 chars): Connection error.
[WARN] Skipping prompt (1284 chars): Connection error.
[WARN] Skipping prompt (1541 chars): Connection error.
[WARN] Skipping prompt (1491 chars): Connection error.
[WARN] Skipping prompt (1028 chars): Connection error.
[WARN] Skipping prompt (3241 chars): Connection error.
Inference:  97%|██████████████████████████████████████████████████████████████████████████████████████████████████████▊   | 32/33 [05:20<00:03,  3.24s/it][WARN] Skipping prompt (1376 chars): Connection error.
[WARN] Skipping prompt (1627 chars): Connection error.
[WARN] Skipping prompt (2807 chars): Connection error.
[WARN] Skipping prompt (1291 chars): Connection error.
[WARN] Skipping prompt (1232 chars): Connection error.
[WARN] Skipping prompt (2675 chars): Connection error.
[WARN] Skipping prompt (1119 chars): Connection error.
[WARN] Skipping prompt (3408 chars): Connection error.
[WARN] Skipping prompt (3063 chars): Connection error.
[WARN] Skipping prompt (817 chars): Connection error.
[WARN] Skipping prompt (1814 chars): Connection error.
[WARN] Skipping prompt (904 chars): Connection error.
[WARN] Skipping prompt (982 chars): Connection error.
[WARN] Skipping prompt (1706 chars): Connection error.
[WARN] Skipping prompt (1892 chars): Connection error.
[WARN] Skipping prompt (1126 chars): Connection error.
[WARN] Skipping prompt (1147 chars): Connection error.
[WARN] Skipping prompt (1603 chars): Connection error.
[WARN] Skipping prompt (2149 chars): Connection error.
[WARN] Skipping prompt (2167 chars): Connection error.
[WARN] Skipping prompt (1753 chars): Connection error.
[WARN] Skipping prompt (1067 chars): Connection error.
[WARN] Skipping prompt (1634 chars): Connection error.
[WARN] Skipping prompt (1169 chars): Connection error.
[WARN] Skipping prompt (1524 chars): Connection error.
[WARN] Skipping prompt (1503 chars): Connection error.
[WARN] Skipping prompt (1614 chars): Connection error.
[WARN] Skipping prompt (1028 chars): Connection error.
[WARN] Skipping prompt (1085 chars): Connection error.
Inference: 100%|██████████████████████████████████████████████████████████████████████████████████████████████████████████| 33/33 [05:23<00:00,  3.17s/it]Inference: 100%|██████████████████████████████████████████████████████████████████████████████████████████████████████████| 33/33 [05:23<00:00,  9.79s/it]
Time used: 323.12666416168213
Each batch time: 9.791717095808549
