Inference:   0%|                                                                                                                   | 0/40 [00:00<?, ?it/s]Inference:   2%|██▋                                                                                                        | 1/40 [00:48<31:45, 48.86s/it]Inference:   5%|█████▎                                                                                                     | 2/40 [01:38<31:13, 49.30s/it]Inference:   8%|████████                                                                                                   | 3/40 [02:18<27:43, 44.95s/it]Inference:  10%|██████████▋                                                                                                | 4/40 [03:13<29:28, 49.13s/it]Inference:  12%|█████████████▍                                                                                             | 5/40 [03:53<26:45, 45.86s/it][WARN] Skipping prompt (1601 chars): Connection error.
[WARN] Skipping prompt (1260 chars): Connection error.
[WARN] Skipping prompt (1779 chars): Connection error.
[WARN] Skipping prompt (1284 chars): Connection error.
[WARN] Skipping prompt (982 chars): Connection error.
[WARN] Skipping prompt (1066 chars): Connection error.
[WARN] Skipping prompt (1709 chars): Connection error.
[WARN] Skipping prompt (1432 chars): Connection error.
[WARN] Skipping prompt (1220 chars): Connection error.
[WARN] Skipping prompt (882 chars): Connection error.
[WARN] Skipping prompt (1188 chars): Connection error.
[WARN] Skipping prompt (1412 chars): Connection error.
[WARN] Skipping prompt (1862 chars): Connection error.
[WARN] Skipping prompt (1773 chars): Connection error.
[WARN] Skipping prompt (1148 chars): Connection error.
[WARN] Skipping prompt (1638 chars): Connection error.
[WARN] Skipping prompt (1560 chars): Connection error.
[WARN] Skipping prompt (1271 chars): Connection error.
[WARN] Skipping prompt (1956 chars): Connection error.
[WARN] Skipping prompt (1366 chars): Connection error.
[WARN] Skipping prompt (1229 chars): Connection error.
[WARN] Skipping prompt (951 chars): Connection error.
[WARN] Skipping prompt (1753 chars): Connection error.
[WARN] Skipping prompt (1272 chars): Connection error.
[WARN] Skipping prompt (1054 chars): Connection error.
[WARN] Skipping prompt (1220 chars): Connection error.
[WARN] Skipping prompt (1258 chars): Connection error.
[WARN] Skipping prompt (1295 chars): Connection error.
[WARN] Skipping prompt (1302 chars): Connection error.
[WARN] Skipping prompt (1493 chars): Connection error.
[WARN] Skipping prompt (1267 chars): Connection error.
[WARN] Skipping prompt (1526 chars): Connection error.
[WARN] Skipping prompt (1692 chars): Connection error.
[WARN] Skipping prompt (1157 chars): Connection error.
[WARN] Skipping prompt (1456 chars): Connection error.
[WARN] Skipping prompt (1247 chars): Connection error.
[WARN] Skipping prompt (1670 chars): Connection error.
[WARN] Skipping prompt (1135 chars): Connection error.
[WARN] Skipping prompt (1149 chars): Connection error.
[WARN] Skipping prompt (1223 chars): Connection error.
[WARN] Skipping prompt (1460 chars): Connection error.
[WARN] Skipping prompt (1205 chars): Connection error.
[WARN] Skipping prompt (1437 chars): Connection error.
[WARN] Skipping prompt (1157 chars): Connection error.
[WARN] Skipping prompt (1521 chars): Connection error.
[WARN] Skipping prompt (1106 chars): Connection error.
[WARN] Skipping prompt (1265 chars): Connection error.
[WARN] Skipping prompt (961 chars): Connection error.
[WARN] Skipping prompt (1515 chars): Connection error.
[WARN] Skipping prompt (1299 chars): Connection error.
[WARN] Skipping prompt (1170 chars): Connection error.
[WARN] Skipping prompt (1449 chars): Connection error.
[WARN] Skipping prompt (1206 chars): Connection error.
[WARN] Skipping prompt (1380 chars): Connection error.
[WARN] Skipping prompt (1386 chars): Connection error.
[WARN] Skipping prompt (1153 chars): Connection error.
[WARN] Skipping prompt (1342 chars): Connection error.
[WARN] Skipping prompt (1622 chars): Connection error.
[WARN] Skipping prompt (1040 chars): Connection error.
[WARN] Skipping prompt (1205 chars): Connection error.
[WARN] Skipping prompt (1389 chars): Connection error.
[WARN] Skipping prompt (1297 chars): Connection error.
[WARN] Skipping prompt (1584 chars): Connection error.
[WARN] Skipping prompt (1267 chars): Connection error.
Inference:  15%|████████████████                                                                                           | 6/40 [03:57<17:47, 31.39s/it][WARN] Skipping prompt (2131 chars): Connection error.
[WARN] Skipping prompt (1473 chars): Connection error.
[WARN] Skipping prompt (1180 chars): Connection error.
[WARN] Skipping prompt (1214 chars): Connection error.
[WARN] Skipping prompt (1175 chars): Connection error.
[WARN] Skipping prompt (969 chars): Connection error.
[WARN] Skipping prompt (2463 chars): Connection error.
[WARN] Skipping prompt (1308 chars): Connection error.
[WARN] Skipping prompt (1326 chars): Connection error.
[WARN] Skipping prompt (1101 chars): Connection error.
[WARN] Skipping prompt (1329 chars): Connection error.
[WARN] Skipping prompt (1985 chars): Connection error.
[WARN] Skipping prompt (965 chars): Connection error.
[WARN] Skipping prompt (1438 chars): Connection error.
[WARN] Skipping prompt (1472 chars): Connection error.
[WARN] Skipping prompt (1634 chars): Connection error.
[WARN] Skipping prompt (1496 chars): Connection error.
[WARN] Skipping prompt (1257 chars): Connection error.
[WARN] Skipping prompt (1359 chars): Connection error.
[WARN] Skipping prompt (1027 chars): Connection error.
[WARN] Skipping prompt (1594 chars): Connection error.
[WARN] Skipping prompt (1195 chars): Connection error.
[WARN] Skipping prompt (1841 chars): Connection error.
[WARN] Skipping prompt (1310 chars): Connection error.
[WARN] Skipping prompt (947 chars): Connection error.
[WARN] Skipping prompt (1403 chars): Connection error.
[WARN] Skipping prompt (1176 chars): Connection error.
[WARN] Skipping prompt (1718 chars): Connection error.
[WARN] Skipping prompt (1666 chars): Connection error.
[WARN] Skipping prompt (1069 chars): Connection error.
[WARN] Skipping prompt (1350 chars): Connection error.
[WARN] Skipping prompt (1359 chars): Connection error.
[WARN] Skipping prompt (1549 chars): Connection error.
[WARN] Skipping prompt (2250 chars): Connection error.
[WARN] Skipping prompt (1347 chars): Connection error.
[WARN] Skipping prompt (1771 chars): Connection error.
[WARN] Skipping prompt (1902 chars): Connection error.
[WARN] Skipping prompt (1426 chars): Connection error.
[WARN] Skipping prompt (1152 chars): Connection error.
[WARN] Skipping prompt (1289 chars): Connection error.
[WARN] Skipping prompt (1290 chars): Connection error.
[WARN] Skipping prompt (1057 chars): Connection error.
[WARN] Skipping prompt (1131 chars): Connection error.
[WARN] Skipping prompt (1527 chars): Connection error.
[WARN] Skipping prompt (2345 chars): Connection error.
[WARN] Skipping prompt (1344 chars): Connection error.
[WARN] Skipping prompt (1362 chars): Connection error.
[WARN] Skipping prompt (1906 chars): Connection error.
[WARN] Skipping prompt (1494 chars): Connection error.
[WARN] Skipping prompt (1161 chars): Connection error.
[WARN] Skipping prompt (1323 chars): Connection error.
[WARN] Skipping prompt (998 chars): Connection error.
[WARN] Skipping prompt (1272 chars): Connection error.
[WARN] Skipping prompt (1015 chars): Connection error.
[WARN] Skipping prompt (1320 chars): Connection error.
[WARN] Skipping prompt (1636 chars): Connection error.
[WARN] Skipping prompt (1082 chars): Connection error.
[WARN] Skipping prompt (1407 chars): Connection error.
[WARN] Skipping prompt (1589 chars): Connection error.
[WARN] Skipping prompt (1381 chars): Connection error.
[WARN] Skipping prompt (1088 chars): Connection error.
[WARN] Skipping prompt (1117 chars): Connection error.
[WARN] Skipping prompt (1219 chars): Connection error.
[WARN] Skipping prompt (1033 chars): Connection error.
Inference:  18%|██████████████████▋                                                                                        | 7/40 [04:00<12:12, 22.20s/it][WARN] Skipping prompt (1161 chars): Connection error.
[WARN] Skipping prompt (1563 chars): Connection error.
[WARN] Skipping prompt (1480 chars): Connection error.
[WARN] Skipping prompt (1056 chars): Connection error.
[WARN] Skipping prompt (1429 chars): Connection error.
[WARN] Skipping prompt (2344 chars): Connection error.
[WARN] Skipping prompt (2399 chars): Connection error.
[WARN] Skipping prompt (1491 chars): Connection error.
[WARN] Skipping prompt (2039 chars): Connection error.
[WARN] Skipping prompt (1131 chars): Connection error.
[WARN] Skipping prompt (1377 chars): Connection error.
[WARN] Skipping prompt (1143 chars): Connection error.
[WARN] Skipping prompt (888 chars): Connection error.
[WARN] Skipping prompt (2536 chars): Connection error.
[WARN] Skipping prompt (1404 chars): Connection error.
[WARN] Skipping prompt (1461 chars): Connection error.
[WARN] Skipping prompt (1026 chars): Connection error.
[WARN] Skipping prompt (1245 chars): Connection error.
[WARN] Skipping prompt (1440 chars): Connection error.
[WARN] Skipping prompt (1444 chars): Connection error.
[WARN] Skipping prompt (1515 chars): Connection error.
[WARN] Skipping prompt (1043 chars): Connection error.
[WARN] Skipping prompt (1651 chars): Connection error.
[WARN] Skipping prompt (1581 chars): Connection error.
[WARN] Skipping prompt (1958 chars): Connection error.
[WARN] Skipping prompt (1314 chars): Connection error.
[WARN] Skipping prompt (1098 chars): Connection error.
[WARN] Skipping prompt (1320 chars): Connection error.
[WARN] Skipping prompt (1007 chars): Connection error.
[WARN] Skipping prompt (1934 chars): Connection error.
[WARN] Skipping prompt (1241 chars): Connection error.
[WARN] Skipping prompt (1556 chars): Connection error.
[WARN] Skipping prompt (1057 chars): Connection error.
[WARN] Skipping prompt (1565 chars): Connection error.
[WARN] Skipping prompt (1504 chars): Connection error.
[WARN] Skipping prompt (1130 chars): Connection error.
[WARN] Skipping prompt (1101 chars): Connection error.
[WARN] Skipping prompt (1535 chars): Connection error.
[WARN] Skipping prompt (1204 chars): Connection error.
[WARN] Skipping prompt (1011 chars): Connection error.
[WARN] Skipping prompt (1137 chars): Connection error.
[WARN] Skipping prompt (1072 chars): Connection error.
[WARN] Skipping prompt (1378 chars): Connection error.
[WARN] Skipping prompt (1307 chars): Connection error.
[WARN] Skipping prompt (1268 chars): Connection error.
[WARN] Skipping prompt (1291 chars): Connection error.
[WARN] Skipping prompt (1223 chars): Connection error.
[WARN] Skipping prompt (1290 chars): Connection error.
[WARN] Skipping prompt (1330 chars): Connection error.
[WARN] Skipping prompt (1365 chars): Connection error.
[WARN] Skipping prompt (961 chars): Connection error.
[WARN] Skipping prompt (1235 chars): Connection error.
[WARN] Skipping prompt (1384 chars): Connection error.
[WARN] Skipping prompt (1457 chars): Connection error.
[WARN] Skipping prompt (1795 chars): Connection error.
[WARN] Skipping prompt (1290 chars): Connection error.
[WARN] Skipping prompt (1453 chars): Connection error.
[WARN] Skipping prompt (1235 chars): Connection error.
[WARN] Skipping prompt (1120 chars): Connection error.
[WARN] Skipping prompt (1059 chars): Connection error.
[WARN] Skipping prompt (1065 chars): Connection error.
[WARN] Skipping prompt (1108 chars): Connection error.
[WARN] Skipping prompt (1241 chars): Connection error.
[WARN] Skipping prompt (1262 chars): Connection error.
Inference:  20%|█████████████████████▍                                                                                     | 8/40 [04:03<08:37, 16.16s/it][WARN] Skipping prompt (1082 chars): Connection error.
[WARN] Skipping prompt (1276 chars): Connection error.
[WARN] Skipping prompt (1268 chars): Connection error.
[WARN] Skipping prompt (1493 chars): Connection error.
[WARN] Skipping prompt (1517 chars): Connection error.
[WARN] Skipping prompt (1183 chars): Connection error.
[WARN] Skipping prompt (1439 chars): Connection error.
[WARN] Skipping prompt (1424 chars): Connection error.
[WARN] Skipping prompt (1219 chars): Connection error.
[WARN] Skipping prompt (1859 chars): Connection error.
[WARN] Skipping prompt (1265 chars): Connection error.
[WARN] Skipping prompt (2158 chars): Connection error.
[WARN] Skipping prompt (1307 chars): Connection error.
[WARN] Skipping prompt (1427 chars): Connection error.
[WARN] Skipping prompt (1786 chars): Connection error.
[WARN] Skipping prompt (1634 chars): Connection error.
[WARN] Skipping prompt (1255 chars): Connection error.
[WARN] Skipping prompt (1116 chars): Connection error.
[WARN] Skipping prompt (1108 chars): Connection error.
[WARN] Skipping prompt (1918 chars): Connection error.
[WARN] Skipping prompt (1245 chars): Connection error.
[WARN] Skipping prompt (1217 chars): Connection error.
[WARN] Skipping prompt (1232 chars): Connection error.
[WARN] Skipping prompt (1129 chars): Connection error.
[WARN] Skipping prompt (2171 chars): Connection error.
[WARN] Skipping prompt (1134 chars): Connection error.
[WARN] Skipping prompt (1222 chars): Connection error.
[WARN] Skipping prompt (1747 chars): Connection error.
[WARN] Skipping prompt (1164 chars): Connection error.
[WARN] Skipping prompt (1290 chars): Connection error.
[WARN] Skipping prompt (1094 chars): Connection error.
[WARN] Skipping prompt (1067 chars): Connection error.
[WARN] Skipping prompt (1356 chars): Connection error.
[WARN] Skipping prompt (1697 chars): Connection error.
[WARN] Skipping prompt (1094 chars): Connection error.
[WARN] Skipping prompt (3150 chars): Connection error.
[WARN] Skipping prompt (1083 chars): Connection error.
[WARN] Skipping prompt (1444 chars): Connection error.
[WARN] Skipping prompt (1208 chars): Connection error.
[WARN] Skipping prompt (1320 chars): Connection error.
[WARN] Skipping prompt (1671 chars): Connection error.
[WARN] Skipping prompt (1654 chars): Connection error.
[WARN] Skipping prompt (1688 chars): Connection error.
[WARN] Skipping prompt (1183 chars): Connection error.
[WARN] Skipping prompt (2064 chars): Connection error.
[WARN] Skipping prompt (1402 chars): Connection error.
[WARN] Skipping prompt (1749 chars): Connection error.
[WARN] Skipping prompt (1086 chars): Connection error.
[WARN] Skipping prompt (1379 chars): Connection error.
[WARN] Skipping prompt (1942 chars): Connection error.
[WARN] Skipping prompt (1018 chars): Connection error.
[WARN] Skipping prompt (1221 chars): Connection error.
[WARN] Skipping prompt (1612 chars): Connection error.
[WARN] Skipping prompt (1565 chars): Connection error.
[WARN] Skipping prompt (1531 chars): Connection error.
[WARN] Skipping prompt (1114 chars): Connection error.
[WARN] Skipping prompt (1200 chars): Connection error.
[WARN] Skipping prompt (1069 chars): Connection error.
[WARN] Skipping prompt (1432 chars): Connection error.
[WARN] Skipping prompt (1299 chars): Connection error.
[WARN] Skipping prompt (1205 chars): Connection error.
[WARN] Skipping prompt (1610 chars): Connection error.
[WARN] Skipping prompt (1094 chars): Connection error.
[WARN] Skipping prompt (1180 chars): Connection error.
Inference:  22%|████████████████████████                                                                                   | 9/40 [04:06<06:16, 12.13s/it][WARN] Skipping prompt (1422 chars): Connection error.
[WARN] Skipping prompt (1577 chars): Connection error.
[WARN] Skipping prompt (1266 chars): Connection error.
[WARN] Skipping prompt (1598 chars): Connection error.
[WARN] Skipping prompt (1189 chars): Connection error.
[WARN] Skipping prompt (1397 chars): Connection error.
[WARN] Skipping prompt (1254 chars): Connection error.
[WARN] Skipping prompt (1824 chars): Connection error.
[WARN] Skipping prompt (1488 chars): Connection error.
[WARN] Skipping prompt (1419 chars): Connection error.
[WARN] Skipping prompt (1384 chars): Connection error.
[WARN] Skipping prompt (1207 chars): Connection error.
[WARN] Skipping prompt (1049 chars): Connection error.
[WARN] Skipping prompt (1615 chars): Connection error.
[WARN] Skipping prompt (1608 chars): Connection error.
[WARN] Skipping prompt (1188 chars): Connection error.
[WARN] Skipping prompt (1625 chars): Connection error.
[WARN] Skipping prompt (1228 chars): Connection error.
[WARN] Skipping prompt (1239 chars): Connection error.
[WARN] Skipping prompt (1232 chars): Connection error.
[WARN] Skipping prompt (1551 chars): Connection error.
[WARN] Skipping prompt (1328 chars): Connection error.
[WARN] Skipping prompt (1161 chars): Connection error.
[WARN] Skipping prompt (1307 chars): Connection error.
[WARN] Skipping prompt (1120 chars): Connection error.
[WARN] Skipping prompt (1763 chars): Connection error.
[WARN] Skipping prompt (2163 chars): Connection error.
[WARN] Skipping prompt (1387 chars): Connection error.
[WARN] Skipping prompt (1777 chars): Connection error.
[WARN] Skipping prompt (1591 chars): Connection error.
[WARN] Skipping prompt (1464 chars): Connection error.
[WARN] Skipping prompt (2035 chars): Connection error.
[WARN] Skipping prompt (2064 chars): Connection error.
[WARN] Skipping prompt (1076 chars): Connection error.
[WARN] Skipping prompt (1170 chars): Connection error.
[WARN] Skipping prompt (1650 chars): Connection error.
[WARN] Skipping prompt (1186 chars): Connection error.
[WARN] Skipping prompt (1570 chars): Connection error.
[WARN] Skipping prompt (1322 chars): Connection error.
[WARN] Skipping prompt (1591 chars): Connection error.
[WARN] Skipping prompt (1222 chars): Connection error.
[WARN] Skipping prompt (1171 chars): Connection error.
[WARN] Skipping prompt (1279 chars): Connection error.
[WARN] Skipping prompt (1137 chars): Connection error.
[WARN] Skipping prompt (1366 chars): Connection error.
[WARN] Skipping prompt (1094 chars): Connection error.
[WARN] Skipping prompt (1523 chars): Connection error.
[WARN] Skipping prompt (1803 chars): Connection error.
[WARN] Skipping prompt (1549 chars): Connection error.
[WARN] Skipping prompt (1726 chars): Connection error.
[WARN] Skipping prompt (1216 chars): Connection error.
[WARN] Skipping prompt (1379 chars): Connection error.
[WARN] Skipping prompt (1136 chars): Connection error.
[WARN] Skipping prompt (1321 chars): Connection error.
[WARN] Skipping prompt (1330 chars): Connection error.
[WARN] Skipping prompt (2279 chars): Connection error.
[WARN] Skipping prompt (1326 chars): Connection error.
[WARN] Skipping prompt (1068 chars): Connection error.
[WARN] Skipping prompt (928 chars): Connection error.
[WARN] Skipping prompt (2185 chars): Connection error.
[WARN] Skipping prompt (1572 chars): Connection error.
[WARN] Skipping prompt (1092 chars): Connection error.
[WARN] Skipping prompt (1147 chars): Connection error.
[WARN] Skipping prompt (1115 chars): Connection error.
Inference:  25%|██████████████████████████▌                                                                               | 10/40 [04:10<04:41,  9.39s/it][WARN] Skipping prompt (1307 chars): Connection error.
[WARN] Skipping prompt (1155 chars): Connection error.
[WARN] Skipping prompt (2246 chars): Connection error.
[WARN] Skipping prompt (1159 chars): Connection error.
[WARN] Skipping prompt (1421 chars): Connection error.
[WARN] Skipping prompt (1123 chars): Connection error.
[WARN] Skipping prompt (1180 chars): Connection error.
[WARN] Skipping prompt (1046 chars): Connection error.
[WARN] Skipping prompt (1039 chars): Connection error.
[WARN] Skipping prompt (1351 chars): Connection error.
[WARN] Skipping prompt (1253 chars): Connection error.
[WARN] Skipping prompt (1285 chars): Connection error.
[WARN] Skipping prompt (1101 chars): Connection error.
[WARN] Skipping prompt (1802 chars): Connection error.
[WARN] Skipping prompt (1324 chars): Connection error.
[WARN] Skipping prompt (1098 chars): Connection error.
[WARN] Skipping prompt (1437 chars): Connection error.
[WARN] Skipping prompt (1970 chars): Connection error.
[WARN] Skipping prompt (1361 chars): Connection error.
[WARN] Skipping prompt (1387 chars): Connection error.
[WARN] Skipping prompt (1298 chars): Connection error.
[WARN] Skipping prompt (1065 chars): Connection error.
[WARN] Skipping prompt (1373 chars): Connection error.
[WARN] Skipping prompt (1768 chars): Connection error.
[WARN] Skipping prompt (1844 chars): Connection error.
[WARN] Skipping prompt (1322 chars): Connection error.
[WARN] Skipping prompt (1307 chars): Connection error.
[WARN] Skipping prompt (858 chars): Connection error.
[WARN] Skipping prompt (1100 chars): Connection error.
[WARN] Skipping prompt (1544 chars): Connection error.
[WARN] Skipping prompt (1129 chars): Connection error.
[WARN] Skipping prompt (1467 chars): Connection error.
[WARN] Skipping prompt (1377 chars): Connection error.
[WARN] Skipping prompt (1225 chars): Connection error.
[WARN] Skipping prompt (1275 chars): Connection error.
[WARN] Skipping prompt (1020 chars): Connection error.
[WARN] Skipping prompt (1205 chars): Connection error.
[WARN] Skipping prompt (1281 chars): Connection error.
[WARN] Skipping prompt (1051 chars): Connection error.
[WARN] Skipping prompt (1230 chars): Connection error.
[WARN] Skipping prompt (1137 chars): Connection error.
[WARN] Skipping prompt (1385 chars): Connection error.
[WARN] Skipping prompt (1488 chars): Connection error.
[WARN] Skipping prompt (1407 chars): Connection error.
[WARN] Skipping prompt (1424 chars): Connection error.
[WARN] Skipping prompt (1812 chars): Connection error.
[WARN] Skipping prompt (1749 chars): Connection error.
[WARN] Skipping prompt (1708 chars): Connection error.
[WARN] Skipping prompt (1329 chars): Connection error.
[WARN] Skipping prompt (1314 chars): Connection error.
[WARN] Skipping prompt (2746 chars): Connection error.
[WARN] Skipping prompt (973 chars): Connection error.
[WARN] Skipping prompt (1959 chars): Connection error.
[WARN] Skipping prompt (2202 chars): Connection error.
[WARN] Skipping prompt (1136 chars): Connection error.
[WARN] Skipping prompt (1409 chars): Connection error.
[WARN] Skipping prompt (1044 chars): Connection error.
[WARN] Skipping prompt (1219 chars): Connection error.
[WARN] Skipping prompt (926 chars): Connection error.
[WARN] Skipping prompt (1219 chars): Connection error.
[WARN] Skipping prompt (1631 chars): Connection error.
[WARN] Skipping prompt (1380 chars): Connection error.
[WARN] Skipping prompt (1673 chars): Connection error.
[WARN] Skipping prompt (1258 chars): Connection error.
Inference:  28%|█████████████████████████████▏                                                                            | 11/40 [04:13<03:37,  7.50s/it][WARN] Skipping prompt (1155 chars): Connection error.
[WARN] Skipping prompt (1557 chars): Connection error.
[WARN] Skipping prompt (1440 chars): Connection error.
[WARN] Skipping prompt (1296 chars): Connection error.
[WARN] Skipping prompt (1731 chars): Connection error.
[WARN] Skipping prompt (1194 chars): Connection error.
[WARN] Skipping prompt (1300 chars): Connection error.
[WARN] Skipping prompt (1351 chars): Connection error.
[WARN] Skipping prompt (1202 chars): Connection error.
[WARN] Skipping prompt (1366 chars): Connection error.
[WARN] Skipping prompt (1368 chars): Connection error.
[WARN] Skipping prompt (1414 chars): Connection error.
[WARN] Skipping prompt (1097 chars): Connection error.
[WARN] Skipping prompt (1063 chars): Connection error.
[WARN] Skipping prompt (1133 chars): Connection error.
[WARN] Skipping prompt (1091 chars): Connection error.
[WARN] Skipping prompt (953 chars): Connection error.
[WARN] Skipping prompt (1073 chars): Connection error.
[WARN] Skipping prompt (1228 chars): Connection error.
[WARN] Skipping prompt (917 chars): Connection error.
[WARN] Skipping prompt (1738 chars): Connection error.
[WARN] Skipping prompt (1123 chars): Connection error.
[WARN] Skipping prompt (1347 chars): Connection error.
[WARN] Skipping prompt (1966 chars): Connection error.
[WARN] Skipping prompt (1478 chars): Connection error.
[WARN] Skipping prompt (1279 chars): Connection error.
[WARN] Skipping prompt (1215 chars): Connection error.
[WARN] Skipping prompt (1450 chars): Connection error.
[WARN] Skipping prompt (1081 chars): Connection error.
[WARN] Skipping prompt (1083 chars): Connection error.
[WARN] Skipping prompt (1456 chars): Connection error.
[WARN] Skipping prompt (1041 chars): Connection error.
[WARN] Skipping prompt (1846 chars): Connection error.
[WARN] Skipping prompt (1051 chars): Connection error.
[WARN] Skipping prompt (1127 chars): Connection error.
[WARN] Skipping prompt (957 chars): Connection error.
[WARN] Skipping prompt (1310 chars): Connection error.
[WARN] Skipping prompt (1738 chars): Connection error.
[WARN] Skipping prompt (1041 chars): Connection error.
[WARN] Skipping prompt (1053 chars): Connection error.
[WARN] Skipping prompt (1281 chars): Connection error.
[WARN] Skipping prompt (1303 chars): Connection error.
[WARN] Skipping prompt (1062 chars): Connection error.
[WARN] Skipping prompt (1461 chars): Connection error.
[WARN] Skipping prompt (1475 chars): Connection error.
[WARN] Skipping prompt (1309 chars): Connection error.
[WARN] Skipping prompt (2474 chars): Connection error.
[WARN] Skipping prompt (1123 chars): Connection error.
[WARN] Skipping prompt (1419 chars): Connection error.
[WARN] Skipping prompt (1459 chars): Connection error.
[WARN] Skipping prompt (1265 chars): Connection error.
[WARN] Skipping prompt (1119 chars): Connection error.
[WARN] Skipping prompt (1630 chars): Connection error.
[WARN] Skipping prompt (1199 chars): Connection error.
[WARN] Skipping prompt (1814 chars): Connection error.
[WARN] Skipping prompt (1641 chars): Connection error.
[WARN] Skipping prompt (1450 chars): Connection error.
[WARN] Skipping prompt (1223 chars): Connection error.
[WARN] Skipping prompt (1827 chars): Connection error.
[WARN] Skipping prompt (1915 chars): Connection error.
[WARN] Skipping prompt (853 chars): Connection error.
[WARN] Skipping prompt (1384 chars): Connection error.
[WARN] Skipping prompt (1169 chars): Connection error.
[WARN] Skipping prompt (1424 chars): Connection error.
Inference:  30%|███████████████████████████████▊                                                                          | 12/40 [04:16<02:53,  6.20s/it][WARN] Skipping prompt (1164 chars): Connection error.
[WARN] Skipping prompt (1061 chars): Connection error.
[WARN] Skipping prompt (1054 chars): Connection error.
[WARN] Skipping prompt (1114 chars): Connection error.
[WARN] Skipping prompt (1255 chars): Connection error.
[WARN] Skipping prompt (1111 chars): Connection error.
[WARN] Skipping prompt (2108 chars): Connection error.
[WARN] Skipping prompt (2240 chars): Connection error.
[WARN] Skipping prompt (1082 chars): Connection error.
[WARN] Skipping prompt (1358 chars): Connection error.
[WARN] Skipping prompt (1011 chars): Connection error.
[WARN] Skipping prompt (1864 chars): Connection error.
[WARN] Skipping prompt (1104 chars): Connection error.
[WARN] Skipping prompt (1462 chars): Connection error.
[WARN] Skipping prompt (1631 chars): Connection error.
[WARN] Skipping prompt (1087 chars): Connection error.
[WARN] Skipping prompt (1411 chars): Connection error.
[WARN] Skipping prompt (1064 chars): Connection error.
[WARN] Skipping prompt (1285 chars): Connection error.
[WARN] Skipping prompt (1368 chars): Connection error.
[WARN] Skipping prompt (2023 chars): Connection error.
[WARN] Skipping prompt (2161 chars): Connection error.
[WARN] Skipping prompt (1031 chars): Connection error.
[WARN] Skipping prompt (1178 chars): Connection error.
[WARN] Skipping prompt (1330 chars): Connection error.
[WARN] Skipping prompt (1134 chars): Connection error.
[WARN] Skipping prompt (1034 chars): Connection error.
[WARN] Skipping prompt (1348 chars): Connection error.
[WARN] Skipping prompt (1373 chars): Connection error.
[WARN] Skipping prompt (1459 chars): Connection error.
[WARN] Skipping prompt (1430 chars): Connection error.
[WARN] Skipping prompt (1695 chars): Connection error.
[WARN] Skipping prompt (1279 chars): Connection error.
[WARN] Skipping prompt (1108 chars): Connection error.
[WARN] Skipping prompt (1141 chars): Connection error.
[WARN] Skipping prompt (1164 chars): Connection error.
[WARN] Skipping prompt (1209 chars): Connection error.
[WARN] Skipping prompt (1033 chars): Connection error.
[WARN] Skipping prompt (1168 chars): Connection error.
[WARN] Skipping prompt (1119 chars): Connection error.
[WARN] Skipping prompt (934 chars): Connection error.
[WARN] Skipping prompt (1147 chars): Connection error.
[WARN] Skipping prompt (1834 chars): Connection error.
[WARN] Skipping prompt (1290 chars): Connection error.
[WARN] Skipping prompt (1116 chars): Connection error.
[WARN] Skipping prompt (1652 chars): Connection error.
[WARN] Skipping prompt (1428 chars): Connection error.
[WARN] Skipping prompt (1637 chars): Connection error.
[WARN] Skipping prompt (964 chars): Connection error.
[WARN] Skipping prompt (1319 chars): Connection error.
[WARN] Skipping prompt (1083 chars): Connection error.
[WARN] Skipping prompt (1126 chars): Connection error.
[WARN] Skipping prompt (982 chars): Connection error.
[WARN] Skipping prompt (1189 chars): Connection error.
[WARN] Skipping prompt (1171 chars): Connection error.
[WARN] Skipping prompt (1028 chars): Connection error.
[WARN] Skipping prompt (1747 chars): Connection error.
[WARN] Skipping prompt (1172 chars): Connection error.
[WARN] Skipping prompt (1150 chars): Connection error.
[WARN] Skipping prompt (1436 chars): Connection error.
[WARN] Skipping prompt (1301 chars): Connection error.
[WARN] Skipping prompt (1160 chars): Connection error.
[WARN] Skipping prompt (1069 chars): Connection error.
[WARN] Skipping prompt (1085 chars): Connection error.
Inference:  32%|██████████████████████████████████▍                                                                       | 13/40 [04:19<02:23,  5.30s/it][WARN] Skipping prompt (1482 chars): Connection error.
[WARN] Skipping prompt (1078 chars): Connection error.
[WARN] Skipping prompt (1403 chars): Connection error.
[WARN] Skipping prompt (1135 chars): Connection error.
[WARN] Skipping prompt (1402 chars): Connection error.
[WARN] Skipping prompt (1317 chars): Connection error.
[WARN] Skipping prompt (1271 chars): Connection error.
[WARN] Skipping prompt (1081 chars): Connection error.
[WARN] Skipping prompt (1304 chars): Connection error.
[WARN] Skipping prompt (1596 chars): Connection error.
[WARN] Skipping prompt (1167 chars): Connection error.
[WARN] Skipping prompt (1140 chars): Connection error.
[WARN] Skipping prompt (1176 chars): Connection error.
[WARN] Skipping prompt (1503 chars): Connection error.
[WARN] Skipping prompt (1139 chars): Connection error.
[WARN] Skipping prompt (1416 chars): Connection error.
[WARN] Skipping prompt (1782 chars): Connection error.
[WARN] Skipping prompt (1380 chars): Connection error.
[WARN] Skipping prompt (1984 chars): Connection error.
[WARN] Skipping prompt (1294 chars): Connection error.
[WARN] Skipping prompt (1223 chars): Connection error.
[WARN] Skipping prompt (1399 chars): Connection error.
[WARN] Skipping prompt (1216 chars): Connection error.
[WARN] Skipping prompt (1139 chars): Connection error.
[WARN] Skipping prompt (986 chars): Connection error.
[WARN] Skipping prompt (1209 chars): Connection error.
[WARN] Skipping prompt (1145 chars): Connection error.
[WARN] Skipping prompt (908 chars): Connection error.
[WARN] Skipping prompt (1402 chars): Connection error.
[WARN] Skipping prompt (1170 chars): Connection error.
[WARN] Skipping prompt (1378 chars): Connection error.
[WARN] Skipping prompt (1151 chars): Connection error.
[WARN] Skipping prompt (1536 chars): Connection error.
[WARN] Skipping prompt (1682 chars): Connection error.
[WARN] Skipping prompt (1632 chars): Connection error.
[WARN] Skipping prompt (1298 chars): Connection error.
[WARN] Skipping prompt (1204 chars): Connection error.
[WARN] Skipping prompt (1200 chars): Connection error.
[WARN] Skipping prompt (1428 chars): Connection error.
[WARN] Skipping prompt (1178 chars): Connection error.
[WARN] Skipping prompt (2091 chars): Connection error.
[WARN] Skipping prompt (1106 chars): Connection error.
[WARN] Skipping prompt (1389 chars): Connection error.
[WARN] Skipping prompt (1360 chars): Connection error.
[WARN] Skipping prompt (1266 chars): Connection error.
[WARN] Skipping prompt (1141 chars): Connection error.
[WARN] Skipping prompt (1015 chars): Connection error.
[WARN] Skipping prompt (1175 chars): Connection error.
[WARN] Skipping prompt (1100 chars): Connection error.
[WARN] Skipping prompt (1504 chars): Connection error.
[WARN] Skipping prompt (1410 chars): Connection error.
[WARN] Skipping prompt (925 chars): Connection error.
[WARN] Skipping prompt (1045 chars): Connection error.
[WARN] Skipping prompt (1201 chars): Connection error.
[WARN] Skipping prompt (1297 chars): Connection error.
[WARN] Skipping prompt (1321 chars): Connection error.
[WARN] Skipping prompt (2420 chars): Connection error.
[WARN] Skipping prompt (1204 chars): Connection error.
[WARN] Skipping prompt (1316 chars): Connection error.
[WARN] Skipping prompt (1174 chars): Connection error.
[WARN] Skipping prompt (1048 chars): Connection error.
[WARN] Skipping prompt (1412 chars): Connection error.
[WARN] Skipping prompt (1990 chars): Connection error.
[WARN] Skipping prompt (1456 chars): Connection error.
Inference:  35%|█████████████████████████████████████                                                                     | 14/40 [04:23<02:01,  4.69s/it][WARN] Skipping prompt (1672 chars): Connection error.
[WARN] Skipping prompt (1203 chars): Connection error.
[WARN] Skipping prompt (1222 chars): Connection error.
[WARN] Skipping prompt (1595 chars): Connection error.
[WARN] Skipping prompt (866 chars): Connection error.
[WARN] Skipping prompt (1229 chars): Connection error.
[WARN] Skipping prompt (1010 chars): Connection error.
[WARN] Skipping prompt (1026 chars): Connection error.
[WARN] Skipping prompt (1129 chars): Connection error.
[WARN] Skipping prompt (1321 chars): Connection error.
[WARN] Skipping prompt (1265 chars): Connection error.
[WARN] Skipping prompt (1029 chars): Connection error.
[WARN] Skipping prompt (1229 chars): Connection error.
[WARN] Skipping prompt (1133 chars): Connection error.
[WARN] Skipping prompt (1474 chars): Connection error.
[WARN] Skipping prompt (1230 chars): Connection error.
[WARN] Skipping prompt (1485 chars): Connection error.
[WARN] Skipping prompt (1175 chars): Connection error.
[WARN] Skipping prompt (1674 chars): Connection error.
[WARN] Skipping prompt (1269 chars): Connection error.
[WARN] Skipping prompt (1489 chars): Connection error.
[WARN] Skipping prompt (1425 chars): Connection error.
[WARN] Skipping prompt (1198 chars): Connection error.
[WARN] Skipping prompt (1172 chars): Connection error.
[WARN] Skipping prompt (2108 chars): Connection error.
[WARN] Skipping prompt (1000 chars): Connection error.
[WARN] Skipping prompt (1552 chars): Connection error.
[WARN] Skipping prompt (1172 chars): Connection error.
[WARN] Skipping prompt (1557 chars): Connection error.
[WARN] Skipping prompt (986 chars): Connection error.
[WARN] Skipping prompt (891 chars): Connection error.
[WARN] Skipping prompt (1040 chars): Connection error.
[WARN] Skipping prompt (1565 chars): Connection error.
[WARN] Skipping prompt (1939 chars): Connection error.
[WARN] Skipping prompt (1458 chars): Connection error.
[WARN] Skipping prompt (1039 chars): Connection error.
[WARN] Skipping prompt (1017 chars): Connection error.
[WARN] Skipping prompt (1054 chars): Connection error.
[WARN] Skipping prompt (1259 chars): Connection error.
[WARN] Skipping prompt (990 chars): Connection error.
[WARN] Skipping prompt (1043 chars): Connection error.
[WARN] Skipping prompt (1049 chars): Connection error.
[WARN] Skipping prompt (1091 chars): Connection error.
[WARN] Skipping prompt (2068 chars): Connection error.
[WARN] Skipping prompt (1175 chars): Connection error.
[WARN] Skipping prompt (1625 chars): Connection error.
[WARN] Skipping prompt (1441 chars): Connection error.
[WARN] Skipping prompt (1278 chars): Connection error.
[WARN] Skipping prompt (1086 chars): Connection error.
[WARN] Skipping prompt (1200 chars): Connection error.
[WARN] Skipping prompt (2331 chars): Connection error.
[WARN] Skipping prompt (1289 chars): Connection error.
[WARN] Skipping prompt (1073 chars): Connection error.
[WARN] Skipping prompt (1791 chars): Connection error.
[WARN] Skipping prompt (1313 chars): Connection error.
[WARN] Skipping prompt (1220 chars): Connection error.
[WARN] Skipping prompt (1280 chars): Connection error.
[WARN] Skipping prompt (1782 chars): Connection error.
[WARN] Skipping prompt (1019 chars): Connection error.
[WARN] Skipping prompt (1589 chars): Connection error.
[WARN] Skipping prompt (1732 chars): Connection error.
[WARN] Skipping prompt (1513 chars): Connection error.
[WARN] Skipping prompt (1161 chars): Connection error.
[WARN] Skipping prompt (1306 chars): Connection error.
Inference:  38%|███████████████████████████████████████▊                                                                  | 15/40 [04:26<01:46,  4.27s/it][WARN] Skipping prompt (1080 chars): Connection error.
[WARN] Skipping prompt (1081 chars): Connection error.
[WARN] Skipping prompt (1227 chars): Connection error.
[WARN] Skipping prompt (1458 chars): Connection error.
[WARN] Skipping prompt (1018 chars): Connection error.
[WARN] Skipping prompt (1387 chars): Connection error.
[WARN] Skipping prompt (2116 chars): Connection error.
[WARN] Skipping prompt (1324 chars): Connection error.
[WARN] Skipping prompt (1282 chars): Connection error.
[WARN] Skipping prompt (1151 chars): Connection error.
[WARN] Skipping prompt (1465 chars): Connection error.
[WARN] Skipping prompt (1206 chars): Connection error.
[WARN] Skipping prompt (1441 chars): Connection error.
[WARN] Skipping prompt (1104 chars): Connection error.
[WARN] Skipping prompt (1700 chars): Connection error.
[WARN] Skipping prompt (1029 chars): Connection error.
[WARN] Skipping prompt (1130 chars): Connection error.
[WARN] Skipping prompt (1494 chars): Connection error.
[WARN] Skipping prompt (945 chars): Connection error.
[WARN] Skipping prompt (2489 chars): Connection error.
[WARN] Skipping prompt (1313 chars): Connection error.
[WARN] Skipping prompt (1359 chars): Connection error.
[WARN] Skipping prompt (1500 chars): Connection error.
[WARN] Skipping prompt (1392 chars): Connection error.
[WARN] Skipping prompt (935 chars): Connection error.
[WARN] Skipping prompt (1191 chars): Connection error.
[WARN] Skipping prompt (1656 chars): Connection error.
[WARN] Skipping prompt (1157 chars): Connection error.
[WARN] Skipping prompt (1099 chars): Connection error.
[WARN] Skipping prompt (1233 chars): Connection error.
[WARN] Skipping prompt (1218 chars): Connection error.
[WARN] Skipping prompt (1565 chars): Connection error.
[WARN] Skipping prompt (1035 chars): Connection error.
[WARN] Skipping prompt (1314 chars): Connection error.
[WARN] Skipping prompt (1344 chars): Connection error.
[WARN] Skipping prompt (1404 chars): Connection error.
[WARN] Skipping prompt (1239 chars): Connection error.
[WARN] Skipping prompt (1352 chars): Connection error.
[WARN] Skipping prompt (1023 chars): Connection error.
[WARN] Skipping prompt (1363 chars): Connection error.
[WARN] Skipping prompt (1264 chars): Connection error.
[WARN] Skipping prompt (1229 chars): Connection error.
[WARN] Skipping prompt (1238 chars): Connection error.
[WARN] Skipping prompt (1377 chars): Connection error.
[WARN] Skipping prompt (1027 chars): Connection error.
[WARN] Skipping prompt (1603 chars): Connection error.
[WARN] Skipping prompt (1274 chars): Connection error.
[WARN] Skipping prompt (1065 chars): Connection error.
[WARN] Skipping prompt (1705 chars): Connection error.
[WARN] Skipping prompt (1327 chars): Connection error.
[WARN] Skipping prompt (1519 chars): Connection error.
[WARN] Skipping prompt (1224 chars): Connection error.
[WARN] Skipping prompt (1072 chars): Connection error.
[WARN] Skipping prompt (1226 chars): Connection error.
[WARN] Skipping prompt (1011 chars): Connection error.
[WARN] Skipping prompt (1558 chars): Connection error.
[WARN] Skipping prompt (1882 chars): Connection error.
[WARN] Skipping prompt (1065 chars): Connection error.
[WARN] Skipping prompt (1369 chars): Connection error.
[WARN] Skipping prompt (1585 chars): Connection error.
[WARN] Skipping prompt (1148 chars): Connection error.
[WARN] Skipping prompt (1927 chars): Connection error.
[WARN] Skipping prompt (1318 chars): Connection error.
[WARN] Skipping prompt (1094 chars): Connection error.
Inference:  40%|██████████████████████████████████████████▍                                                               | 16/40 [04:29<01:35,  3.98s/it][WARN] Skipping prompt (1176 chars): Connection error.
[WARN] Skipping prompt (1059 chars): Connection error.
[WARN] Skipping prompt (2311 chars): Connection error.
[WARN] Skipping prompt (1672 chars): Connection error.
[WARN] Skipping prompt (1244 chars): Connection error.
[WARN] Skipping prompt (1303 chars): Connection error.
[WARN] Skipping prompt (1334 chars): Connection error.
[WARN] Skipping prompt (1413 chars): Connection error.
[WARN] Skipping prompt (1046 chars): Connection error.
[WARN] Skipping prompt (1829 chars): Connection error.
[WARN] Skipping prompt (1212 chars): Connection error.
[WARN] Skipping prompt (1034 chars): Connection error.
[WARN] Skipping prompt (2719 chars): Connection error.
[WARN] Skipping prompt (1337 chars): Connection error.
[WARN] Skipping prompt (1280 chars): Connection error.
[WARN] Skipping prompt (1622 chars): Connection error.
[WARN] Skipping prompt (1305 chars): Connection error.
[WARN] Skipping prompt (5611 chars): Connection error.
[WARN] Skipping prompt (843 chars): Connection error.
[WARN] Skipping prompt (1275 chars): Connection error.
[WARN] Skipping prompt (1576 chars): Connection error.
[WARN] Skipping prompt (1056 chars): Connection error.
[WARN] Skipping prompt (1353 chars): Connection error.
[WARN] Skipping prompt (5948 chars): Connection error.
[WARN] Skipping prompt (2892 chars): Connection error.
[WARN] Skipping prompt (5307 chars): Connection error.
[WARN] Skipping prompt (1121 chars): Connection error.
[WARN] Skipping prompt (1488 chars): Connection error.
[WARN] Skipping prompt (3019 chars): Connection error.
[WARN] Skipping prompt (2954 chars): Connection error.
[WARN] Skipping prompt (1167 chars): Connection error.
[WARN] Skipping prompt (1687 chars): Connection error.
[WARN] Skipping prompt (1400 chars): Connection error.
[WARN] Skipping prompt (1715 chars): Connection error.
[WARN] Skipping prompt (1345 chars): Connection error.
[WARN] Skipping prompt (3512 chars): Connection error.
[WARN] Skipping prompt (1350 chars): Connection error.
[WARN] Skipping prompt (1766 chars): Connection error.
[WARN] Skipping prompt (1915 chars): Connection error.
[WARN] Skipping prompt (1546 chars): Connection error.
[WARN] Skipping prompt (1766 chars): Connection error.
[WARN] Skipping prompt (1401 chars): Connection error.
[WARN] Skipping prompt (1363 chars): Connection error.
[WARN] Skipping prompt (6152 chars): Connection error.
[WARN] Skipping prompt (3134 chars): Connection error.
[WARN] Skipping prompt (1267 chars): Connection error.
[WARN] Skipping prompt (8454 chars): Connection error.
[WARN] Skipping prompt (6108 chars): Connection error.
[WARN] Skipping prompt (2944 chars): Connection error.
[WARN] Skipping prompt (1079 chars): Connection error.
[WARN] Skipping prompt (1085 chars): Connection error.
[WARN] Skipping prompt (1191 chars): Connection error.
[WARN] Skipping prompt (3348 chars): Connection error.
[WARN] Skipping prompt (1949 chars): Connection error.
[WARN] Skipping prompt (1591 chars): Connection error.
[WARN] Skipping prompt (2080 chars): Connection error.
[WARN] Skipping prompt (1090 chars): Connection error.
[WARN] Skipping prompt (4104 chars): Connection error.
[WARN] Skipping prompt (4303 chars): Connection error.
[WARN] Skipping prompt (2048 chars): Connection error.
[WARN] Skipping prompt (1164 chars): Connection error.
[WARN] Skipping prompt (1503 chars): Connection error.
[WARN] Skipping prompt (1536 chars): Connection error.
[WARN] Skipping prompt (910 chars): Connection error.
Inference:  42%|█████████████████████████████████████████████                                                             | 17/40 [04:32<01:26,  3.76s/it][WARN] Skipping prompt (1814 chars): Connection error.
[WARN] Skipping prompt (2319 chars): Connection error.
[WARN] Skipping prompt (2402 chars): Connection error.
[WARN] Skipping prompt (1025 chars): Connection error.
[WARN] Skipping prompt (1938 chars): Connection error.
[WARN] Skipping prompt (1124 chars): Connection error.
[WARN] Skipping prompt (972 chars): Connection error.
[WARN] Skipping prompt (2897 chars): Connection error.
[WARN] Skipping prompt (976 chars): Connection error.
[WARN] Skipping prompt (2125 chars): Connection error.
[WARN] Skipping prompt (2603 chars): Connection error.
[WARN] Skipping prompt (3291 chars): Connection error.
[WARN] Skipping prompt (1411 chars): Connection error.
[WARN] Skipping prompt (4987 chars): Connection error.
[WARN] Skipping prompt (896 chars): Connection error.
[WARN] Skipping prompt (3412 chars): Connection error.
[WARN] Skipping prompt (1546 chars): Connection error.
[WARN] Skipping prompt (841 chars): Connection error.
[WARN] Skipping prompt (1278 chars): Connection error.
[WARN] Skipping prompt (1425 chars): Connection error.
[WARN] Skipping prompt (1102 chars): Connection error.
[WARN] Skipping prompt (1577 chars): Connection error.
[WARN] Skipping prompt (1177 chars): Connection error.
[WARN] Skipping prompt (1374 chars): Connection error.
[WARN] Skipping prompt (2118 chars): Connection error.
[WARN] Skipping prompt (1148 chars): Connection error.
[WARN] Skipping prompt (3960 chars): Connection error.
[WARN] Skipping prompt (1534 chars): Connection error.
[WARN] Skipping prompt (1533 chars): Connection error.
[WARN] Skipping prompt (1149 chars): Connection error.
[WARN] Skipping prompt (1003 chars): Connection error.
[WARN] Skipping prompt (1802 chars): Connection error.
[WARN] Skipping prompt (1426 chars): Connection error.
[WARN] Skipping prompt (1062 chars): Connection error.
[WARN] Skipping prompt (1322 chars): Connection error.
[WARN] Skipping prompt (1547 chars): Connection error.
[WARN] Skipping prompt (1616 chars): Connection error.
[WARN] Skipping prompt (895 chars): Connection error.
[WARN] Skipping prompt (1238 chars): Connection error.
[WARN] Skipping prompt (939 chars): Connection error.
[WARN] Skipping prompt (7161 chars): Connection error.
[WARN] Skipping prompt (1888 chars): Connection error.
[WARN] Skipping prompt (1519 chars): Connection error.
[WARN] Skipping prompt (5589 chars): Connection error.
[WARN] Skipping prompt (4016 chars): Connection error.
[WARN] Skipping prompt (1660 chars): Connection error.
[WARN] Skipping prompt (1683 chars): Connection error.
[WARN] Skipping prompt (3996 chars): Connection error.
[WARN] Skipping prompt (1334 chars): Connection error.
[WARN] Skipping prompt (1524 chars): Connection error.
[WARN] Skipping prompt (1953 chars): Connection error.
[WARN] Skipping prompt (1682 chars): Connection error.
[WARN] Skipping prompt (1464 chars): Connection error.
[WARN] Skipping prompt (991 chars): Connection error.
[WARN] Skipping prompt (1559 chars): Connection error.
[WARN] Skipping prompt (10580 chars): Connection error.
[WARN] Skipping prompt (1689 chars): Connection error.
[WARN] Skipping prompt (1764 chars): Connection error.
[WARN] Skipping prompt (3689 chars): Connection error.
[WARN] Skipping prompt (1213 chars): Connection error.
[WARN] Skipping prompt (989 chars): Connection error.
[WARN] Skipping prompt (1705 chars): Connection error.
[WARN] Skipping prompt (4704 chars): Connection error.
[WARN] Skipping prompt (2257 chars): Connection error.
Inference:  45%|███████████████████████████████████████████████▋                                                          | 18/40 [04:36<01:19,  3.60s/it][WARN] Skipping prompt (4040 chars): Connection error.
[WARN] Skipping prompt (4452 chars): Connection error.
[WARN] Skipping prompt (4801 chars): Connection error.
[WARN] Skipping prompt (2022 chars): Connection error.
[WARN] Skipping prompt (3245 chars): Connection error.
[WARN] Skipping prompt (2491 chars): Connection error.
[WARN] Skipping prompt (1107 chars): Connection error.
[WARN] Skipping prompt (2504 chars): Connection error.
[WARN] Skipping prompt (879 chars): Connection error.
[WARN] Skipping prompt (2484 chars): Connection error.
[WARN] Skipping prompt (1181 chars): Connection error.
[WARN] Skipping prompt (1850 chars): Connection error.
[WARN] Skipping prompt (3077 chars): Connection error.
[WARN] Skipping prompt (838 chars): Connection error.
[WARN] Skipping prompt (1886 chars): Connection error.
[WARN] Skipping prompt (1562 chars): Connection error.
[WARN] Skipping prompt (2131 chars): Connection error.
[WARN] Skipping prompt (4038 chars): Connection error.
[WARN] Skipping prompt (4951 chars): Connection error.
[WARN] Skipping prompt (1348 chars): Connection error.
[WARN] Skipping prompt (4668 chars): Connection error.
[WARN] Skipping prompt (1518 chars): Connection error.
[WARN] Skipping prompt (1493 chars): Connection error.
[WARN] Skipping prompt (997 chars): Connection error.
[WARN] Skipping prompt (1525 chars): Connection error.
[WARN] Skipping prompt (2441 chars): Connection error.
[WARN] Skipping prompt (1560 chars): Connection error.
[WARN] Skipping prompt (1602 chars): Connection error.
[WARN] Skipping prompt (2995 chars): Connection error.
[WARN] Skipping prompt (1203 chars): Connection error.
[WARN] Skipping prompt (1340 chars): Connection error.
[WARN] Skipping prompt (6381 chars): Connection error.
[WARN] Skipping prompt (1708 chars): Connection error.
[WARN] Skipping prompt (1096 chars): Connection error.
[WARN] Skipping prompt (1444 chars): Connection error.
[WARN] Skipping prompt (1047 chars): Connection error.
[WARN] Skipping prompt (1467 chars): Connection error.
[WARN] Skipping prompt (3064 chars): Connection error.
[WARN] Skipping prompt (1455 chars): Connection error.
[WARN] Skipping prompt (1475 chars): Connection error.
[WARN] Skipping prompt (1539 chars): Connection error.
[WARN] Skipping prompt (7020 chars): Connection error.
[WARN] Skipping prompt (1187 chars): Connection error.
[WARN] Skipping prompt (978 chars): Connection error.
[WARN] Skipping prompt (3706 chars): Connection error.
[WARN] Skipping prompt (1383 chars): Connection error.
[WARN] Skipping prompt (1011 chars): Connection error.
[WARN] Skipping prompt (1261 chars): Connection error.
[WARN] Skipping prompt (4450 chars): Connection error.
[WARN] Skipping prompt (2256 chars): Connection error.
[WARN] Skipping prompt (1426 chars): Connection error.
[WARN] Skipping prompt (1279 chars): Connection error.
[WARN] Skipping prompt (1759 chars): Connection error.
[WARN] Skipping prompt (1352 chars): Connection error.
[WARN] Skipping prompt (1902 chars): Connection error.
[WARN] Skipping prompt (1221 chars): Connection error.
[WARN] Skipping prompt (2101 chars): Connection error.
[WARN] Skipping prompt (1666 chars): Connection error.
[WARN] Skipping prompt (904 chars): Connection error.
[WARN] Skipping prompt (1965 chars): Connection error.
[WARN] Skipping prompt (2201 chars): Connection error.
[WARN] Skipping prompt (3600 chars): Connection error.
[WARN] Skipping prompt (1818 chars): Connection error.
[WARN] Skipping prompt (909 chars): Connection error.
Inference:  48%|██████████████████████████████████████████████████▎                                                       | 19/40 [04:39<01:13,  3.49s/it][WARN] Skipping prompt (1077 chars): Connection error.
[WARN] Skipping prompt (889 chars): Connection error.
[WARN] Skipping prompt (1283 chars): Connection error.
[WARN] Skipping prompt (3102 chars): Connection error.
[WARN] Skipping prompt (1311 chars): Connection error.
[WARN] Skipping prompt (1375 chars): Connection error.
[WARN] Skipping prompt (1021 chars): Connection error.
[WARN] Skipping prompt (1146 chars): Connection error.
[WARN] Skipping prompt (1167 chars): Connection error.
[WARN] Skipping prompt (1323 chars): Connection error.
[WARN] Skipping prompt (1531 chars): Connection error.
[WARN] Skipping prompt (5382 chars): Connection error.
[WARN] Skipping prompt (989 chars): Connection error.
[WARN] Skipping prompt (1578 chars): Connection error.
[WARN] Skipping prompt (20716 chars): Connection error.
[WARN] Skipping prompt (1487 chars): Connection error.
[WARN] Skipping prompt (1471 chars): Connection error.
[WARN] Skipping prompt (1333 chars): Connection error.
[WARN] Skipping prompt (1469 chars): Connection error.
[WARN] Skipping prompt (1690 chars): Connection error.
[WARN] Skipping prompt (4744 chars): Connection error.
[WARN] Skipping prompt (1418 chars): Connection error.
[WARN] Skipping prompt (2980 chars): Connection error.
[WARN] Skipping prompt (1195 chars): Connection error.
[WARN] Skipping prompt (2028 chars): Connection error.
[WARN] Skipping prompt (1494 chars): Connection error.
[WARN] Skipping prompt (1765 chars): Connection error.
[WARN] Skipping prompt (1012 chars): Connection error.
[WARN] Skipping prompt (3368 chars): Connection error.
[WARN] Skipping prompt (1014 chars): Connection error.
[WARN] Skipping prompt (1203 chars): Connection error.
[WARN] Skipping prompt (2154 chars): Connection error.
[WARN] Skipping prompt (1787 chars): Connection error.
[WARN] Skipping prompt (1452 chars): Connection error.
[WARN] Skipping prompt (1035 chars): Connection error.
[WARN] Skipping prompt (2793 chars): Connection error.
[WARN] Skipping prompt (1421 chars): Connection error.
[WARN] Skipping prompt (46928 chars): Connection error.
[WARN] Skipping prompt (1391 chars): Connection error.
[WARN] Skipping prompt (3252 chars): Connection error.
[WARN] Skipping prompt (1364 chars): Connection error.
[WARN] Skipping prompt (5647 chars): Connection error.
[WARN] Skipping prompt (1115 chars): Connection error.
[WARN] Skipping prompt (1017 chars): Connection error.
[WARN] Skipping prompt (2117 chars): Connection error.
[WARN] Skipping prompt (1957 chars): Connection error.
[WARN] Skipping prompt (1159 chars): Connection error.
[WARN] Skipping prompt (1116 chars): Connection error.
[WARN] Skipping prompt (3157 chars): Connection error.
[WARN] Skipping prompt (1300 chars): Connection error.
[WARN] Skipping prompt (2907 chars): Connection error.
[WARN] Skipping prompt (1068 chars): Connection error.
[WARN] Skipping prompt (1023 chars): Connection error.
[WARN] Skipping prompt (1551 chars): Connection error.
[WARN] Skipping prompt (5020 chars): Connection error.
[WARN] Skipping prompt (1097 chars): Connection error.
[WARN] Skipping prompt (2728 chars): Connection error.
[WARN] Skipping prompt (1195 chars): Connection error.
[WARN] Skipping prompt (3573 chars): Connection error.
[WARN] Skipping prompt (922 chars): Connection error.
[WARN] Skipping prompt (1638 chars): Connection error.
[WARN] Skipping prompt (1085 chars): Connection error.
[WARN] Skipping prompt (1516 chars): Connection error.
[WARN] Skipping prompt (1071 chars): Connection error.
Inference:  50%|█████████████████████████████████████████████████████                                                     | 20/40 [04:42<01:08,  3.42s/it][WARN] Skipping prompt (1496 chars): Connection error.
[WARN] Skipping prompt (1085 chars): Connection error.
[WARN] Skipping prompt (940 chars): Connection error.
[WARN] Skipping prompt (1128 chars): Connection error.
[WARN] Skipping prompt (1097 chars): Connection error.
[WARN] Skipping prompt (1250 chars): Connection error.
[WARN] Skipping prompt (1896 chars): Connection error.
[WARN] Skipping prompt (2231 chars): Connection error.
[WARN] Skipping prompt (4653 chars): Connection error.
[WARN] Skipping prompt (1415 chars): Connection error.
[WARN] Skipping prompt (1632 chars): Connection error.
[WARN] Skipping prompt (1225 chars): Connection error.
[WARN] Skipping prompt (1581 chars): Connection error.
[WARN] Skipping prompt (4127 chars): Connection error.
[WARN] Skipping prompt (1124 chars): Connection error.
[WARN] Skipping prompt (1151 chars): Connection error.
[WARN] Skipping prompt (1090 chars): Connection error.
[WARN] Skipping prompt (2469 chars): Connection error.
[WARN] Skipping prompt (1351 chars): Connection error.
[WARN] Skipping prompt (1607 chars): Connection error.
[WARN] Skipping prompt (3649 chars): Connection error.
[WARN] Skipping prompt (9479 chars): Connection error.
[WARN] Skipping prompt (1296 chars): Connection error.
[WARN] Skipping prompt (2611 chars): Connection error.
[WARN] Skipping prompt (3604 chars): Connection error.
[WARN] Skipping prompt (5580 chars): Connection error.
[WARN] Skipping prompt (1134 chars): Connection error.
[WARN] Skipping prompt (1217 chars): Connection error.
[WARN] Skipping prompt (1868 chars): Connection error.
[WARN] Skipping prompt (1089 chars): Connection error.
[WARN] Skipping prompt (5787 chars): Connection error.
[WARN] Skipping prompt (1591 chars): Connection error.
[WARN] Skipping prompt (4331 chars): Connection error.
[WARN] Skipping prompt (1319 chars): Connection error.
[WARN] Skipping prompt (1123 chars): Connection error.
[WARN] Skipping prompt (5791 chars): Connection error.
[WARN] Skipping prompt (1384 chars): Connection error.
[WARN] Skipping prompt (3914 chars): Connection error.
[WARN] Skipping prompt (1779 chars): Connection error.
[WARN] Skipping prompt (1447 chars): Connection error.
[WARN] Skipping prompt (1218 chars): Connection error.
[WARN] Skipping prompt (1172 chars): Connection error.
[WARN] Skipping prompt (2199 chars): Connection error.
[WARN] Skipping prompt (984 chars): Connection error.
[WARN] Skipping prompt (1979 chars): Connection error.
[WARN] Skipping prompt (1888 chars): Connection error.
[WARN] Skipping prompt (1474 chars): Connection error.
[WARN] Skipping prompt (1707 chars): Connection error.
[WARN] Skipping prompt (1256 chars): Connection error.
[WARN] Skipping prompt (1319 chars): Connection error.
[WARN] Skipping prompt (1115 chars): Connection error.
[WARN] Skipping prompt (1558 chars): Connection error.
[WARN] Skipping prompt (1370 chars): Connection error.
[WARN] Skipping prompt (1192 chars): Connection error.
[WARN] Skipping prompt (1046 chars): Connection error.
[WARN] Skipping prompt (1295 chars): Connection error.
[WARN] Skipping prompt (1619 chars): Connection error.
[WARN] Skipping prompt (1784 chars): Connection error.
[WARN] Skipping prompt (936 chars): Connection error.
[WARN] Skipping prompt (1075 chars): Connection error.
[WARN] Skipping prompt (1432 chars): Connection error.
[WARN] Skipping prompt (5446 chars): Connection error.
[WARN] Skipping prompt (1083 chars): Connection error.
[WARN] Skipping prompt (1632 chars): Connection error.
Inference:  52%|███████████████████████████████████████████████████████▋                                                  | 21/40 [04:45<01:04,  3.38s/it][WARN] Skipping prompt (1068 chars): Connection error.
[WARN] Skipping prompt (1432 chars): Connection error.
[WARN] Skipping prompt (1580 chars): Connection error.
[WARN] Skipping prompt (1159 chars): Connection error.
[WARN] Skipping prompt (992 chars): Connection error.
[WARN] Skipping prompt (1230 chars): Connection error.
[WARN] Skipping prompt (1727 chars): Connection error.
[WARN] Skipping prompt (1046 chars): Connection error.
[WARN] Skipping prompt (1745 chars): Connection error.
[WARN] Skipping prompt (1558 chars): Connection error.
[WARN] Skipping prompt (4779 chars): Connection error.
[WARN] Skipping prompt (2070 chars): Connection error.
[WARN] Skipping prompt (1193 chars): Connection error.
[WARN] Skipping prompt (6413 chars): Connection error.
[WARN] Skipping prompt (1089 chars): Connection error.
[WARN] Skipping prompt (956 chars): Connection error.
[WARN] Skipping prompt (3692 chars): Connection error.
[WARN] Skipping prompt (1003 chars): Connection error.
[WARN] Skipping prompt (8034 chars): Connection error.
[WARN] Skipping prompt (6679 chars): Connection error.
[WARN] Skipping prompt (901 chars): Connection error.
[WARN] Skipping prompt (1843 chars): Connection error.
[WARN] Skipping prompt (4938 chars): Connection error.
[WARN] Skipping prompt (1317 chars): Connection error.
[WARN] Skipping prompt (1255 chars): Connection error.
[WARN] Skipping prompt (1591 chars): Connection error.
[WARN] Skipping prompt (1135 chars): Connection error.
[WARN] Skipping prompt (1448 chars): Connection error.
[WARN] Skipping prompt (1216 chars): Connection error.
[WARN] Skipping prompt (5474 chars): Connection error.
[WARN] Skipping prompt (6968 chars): Connection error.
[WARN] Skipping prompt (1044 chars): Connection error.
[WARN] Skipping prompt (1360 chars): Connection error.
[WARN] Skipping prompt (4673 chars): Connection error.
[WARN] Skipping prompt (1349 chars): Connection error.
[WARN] Skipping prompt (1956 chars): Connection error.
[WARN] Skipping prompt (1165 chars): Connection error.
[WARN] Skipping prompt (1634 chars): Connection error.
[WARN] Skipping prompt (1770 chars): Connection error.
[WARN] Skipping prompt (1581 chars): Connection error.
[WARN] Skipping prompt (3817 chars): Connection error.
[WARN] Skipping prompt (1545 chars): Connection error.
[WARN] Skipping prompt (1169 chars): Connection error.
[WARN] Skipping prompt (1613 chars): Connection error.
[WARN] Skipping prompt (1725 chars): Connection error.
[WARN] Skipping prompt (1396 chars): Connection error.
[WARN] Skipping prompt (3542 chars): Connection error.
[WARN] Skipping prompt (2069 chars): Connection error.
[WARN] Skipping prompt (1530 chars): Connection error.
[WARN] Skipping prompt (1222 chars): Connection error.
[WARN] Skipping prompt (1760 chars): Connection error.
[WARN] Skipping prompt (2380 chars): Connection error.
[WARN] Skipping prompt (1312 chars): Connection error.
[WARN] Skipping prompt (1671 chars): Connection error.
[WARN] Skipping prompt (1235 chars): Connection error.
[WARN] Skipping prompt (4119 chars): Connection error.
[WARN] Skipping prompt (1266 chars): Connection error.
[WARN] Skipping prompt (1295 chars): Connection error.
[WARN] Skipping prompt (1127 chars): Connection error.
[WARN] Skipping prompt (1137 chars): Connection error.
[WARN] Skipping prompt (2830 chars): Connection error.
[WARN] Skipping prompt (4569 chars): Connection error.
[WARN] Skipping prompt (1019 chars): Connection error.
[WARN] Skipping prompt (1043 chars): Connection error.
Inference:  55%|██████████████████████████████████████████████████████████▎                                               | 22/40 [04:49<00:59,  3.33s/it][WARN] Skipping prompt (2427 chars): Connection error.
[WARN] Skipping prompt (1609 chars): Connection error.
[WARN] Skipping prompt (1032 chars): Connection error.
[WARN] Skipping prompt (1160 chars): Connection error.
[WARN] Skipping prompt (1495 chars): Connection error.
[WARN] Skipping prompt (1101 chars): Connection error.
[WARN] Skipping prompt (1589 chars): Connection error.
[WARN] Skipping prompt (1065 chars): Connection error.
[WARN] Skipping prompt (4053 chars): Connection error.
[WARN] Skipping prompt (1485 chars): Connection error.
[WARN] Skipping prompt (946 chars): Connection error.
[WARN] Skipping prompt (3469 chars): Connection error.
[WARN] Skipping prompt (5890 chars): Connection error.
[WARN] Skipping prompt (2291 chars): Connection error.
[WARN] Skipping prompt (1470 chars): Connection error.
[WARN] Skipping prompt (1560 chars): Connection error.
[WARN] Skipping prompt (10451 chars): Connection error.
[WARN] Skipping prompt (1615 chars): Connection error.
[WARN] Skipping prompt (3012 chars): Connection error.
[WARN] Skipping prompt (1298 chars): Connection error.
[WARN] Skipping prompt (1557 chars): Connection error.
[WARN] Skipping prompt (1476 chars): Connection error.
[WARN] Skipping prompt (1196 chars): Connection error.
[WARN] Skipping prompt (1760 chars): Connection error.
[WARN] Skipping prompt (9917 chars): Connection error.
[WARN] Skipping prompt (1365 chars): Connection error.
[WARN] Skipping prompt (1671 chars): Connection error.
[WARN] Skipping prompt (1279 chars): Connection error.
[WARN] Skipping prompt (4091 chars): Connection error.
[WARN] Skipping prompt (1175 chars): Connection error.
[WARN] Skipping prompt (3682 chars): Connection error.
[WARN] Skipping prompt (1935 chars): Connection error.
[WARN] Skipping prompt (1367 chars): Connection error.
[WARN] Skipping prompt (1557 chars): Connection error.
[WARN] Skipping prompt (1535 chars): Connection error.
[WARN] Skipping prompt (1126 chars): Connection error.
[WARN] Skipping prompt (1173 chars): Connection error.
[WARN] Skipping prompt (1547 chars): Connection error.
[WARN] Skipping prompt (1674 chars): Connection error.
[WARN] Skipping prompt (1385 chars): Connection error.
[WARN] Skipping prompt (1232 chars): Connection error.
[WARN] Skipping prompt (970 chars): Connection error.
[WARN] Skipping prompt (1563 chars): Connection error.
[WARN] Skipping prompt (1359 chars): Connection error.
[WARN] Skipping prompt (946 chars): Connection error.
[WARN] Skipping prompt (1300 chars): Connection error.
[WARN] Skipping prompt (5485 chars): Connection error.
[WARN] Skipping prompt (1039 chars): Connection error.
[WARN] Skipping prompt (1134 chars): Connection error.
[WARN] Skipping prompt (2867 chars): Connection error.
[WARN] Skipping prompt (9962 chars): Connection error.
[WARN] Skipping prompt (1228 chars): Connection error.
[WARN] Skipping prompt (1470 chars): Connection error.
[WARN] Skipping prompt (1174 chars): Connection error.
[WARN] Skipping prompt (1745 chars): Connection error.
[WARN] Skipping prompt (1147 chars): Connection error.
[WARN] Skipping prompt (3258 chars): Connection error.
[WARN] Skipping prompt (1713 chars): Connection error.
[WARN] Skipping prompt (1153 chars): Connection error.
[WARN] Skipping prompt (1737 chars): Connection error.
[WARN] Skipping prompt (1507 chars): Connection error.
[WARN] Skipping prompt (1743 chars): Connection error.
[WARN] Skipping prompt (2408 chars): Connection error.
[WARN] Skipping prompt (1289 chars): Connection error.
Inference:  57%|████████████████████████████████████████████████████████████▉                                             | 23/40 [04:52<00:56,  3.31s/it][WARN] Skipping prompt (1262 chars): Connection error.
[WARN] Skipping prompt (1003 chars): Connection error.
[WARN] Skipping prompt (1352 chars): Connection error.
[WARN] Skipping prompt (1319 chars): Connection error.
[WARN] Skipping prompt (1219 chars): Connection error.
[WARN] Skipping prompt (2327 chars): Connection error.
[WARN] Skipping prompt (3320 chars): Connection error.
[WARN] Skipping prompt (4174 chars): Connection error.
[WARN] Skipping prompt (1138 chars): Connection error.
[WARN] Skipping prompt (1665 chars): Connection error.
[WARN] Skipping prompt (5330 chars): Connection error.
[WARN] Skipping prompt (1040 chars): Connection error.
[WARN] Skipping prompt (1573 chars): Connection error.
[WARN] Skipping prompt (1732 chars): Connection error.
[WARN] Skipping prompt (1315 chars): Connection error.
[WARN] Skipping prompt (1676 chars): Connection error.
[WARN] Skipping prompt (2550 chars): Connection error.
[WARN] Skipping prompt (6954 chars): Connection error.
[WARN] Skipping prompt (2957 chars): Connection error.
[WARN] Skipping prompt (1159 chars): Connection error.
[WARN] Skipping prompt (1853 chars): Connection error.
[WARN] Skipping prompt (1077 chars): Connection error.
[WARN] Skipping prompt (1130 chars): Connection error.
[WARN] Skipping prompt (1630 chars): Connection error.
[WARN] Skipping prompt (4529 chars): Connection error.
[WARN] Skipping prompt (9550 chars): Connection error.
[WARN] Skipping prompt (977 chars): Connection error.
[WARN] Skipping prompt (3161 chars): Connection error.
[WARN] Skipping prompt (20692 chars): Connection error.
[WARN] Skipping prompt (918 chars): Connection error.
[WARN] Skipping prompt (1095 chars): Connection error.
[WARN] Skipping prompt (1837 chars): Connection error.
[WARN] Skipping prompt (3812 chars): Connection error.
[WARN] Skipping prompt (3482 chars): Connection error.
[WARN] Skipping prompt (2351 chars): Connection error.
[WARN] Skipping prompt (2652 chars): Connection error.
[WARN] Skipping prompt (1643 chars): Connection error.
[WARN] Skipping prompt (1422 chars): Connection error.
[WARN] Skipping prompt (911 chars): Connection error.
[WARN] Skipping prompt (2347 chars): Connection error.
[WARN] Skipping prompt (1448 chars): Connection error.
[WARN] Skipping prompt (1195 chars): Connection error.
[WARN] Skipping prompt (1293 chars): Connection error.
[WARN] Skipping prompt (1237 chars): Connection error.
[WARN] Skipping prompt (1054 chars): Connection error.
[WARN] Skipping prompt (1184 chars): Connection error.
[WARN] Skipping prompt (1287 chars): Connection error.
[WARN] Skipping prompt (944 chars): Connection error.
[WARN] Skipping prompt (818 chars): Connection error.
[WARN] Skipping prompt (1062 chars): Connection error.
[WARN] Skipping prompt (1315 chars): Connection error.
[WARN] Skipping prompt (1665 chars): Connection error.
[WARN] Skipping prompt (1299 chars): Connection error.
[WARN] Skipping prompt (1286 chars): Connection error.
[WARN] Skipping prompt (2662 chars): Connection error.
[WARN] Skipping prompt (1003 chars): Connection error.
[WARN] Skipping prompt (2433 chars): Connection error.
[WARN] Skipping prompt (1537 chars): Connection error.
[WARN] Skipping prompt (1097 chars): Connection error.
[WARN] Skipping prompt (1363 chars): Connection error.
[WARN] Skipping prompt (4072 chars): Connection error.
[WARN] Skipping prompt (965 chars): Connection error.
[WARN] Skipping prompt (2576 chars): Connection error.
[WARN] Skipping prompt (1210 chars): Connection error.
Inference:  60%|███████████████████████████████████████████████████████████████▌                                          | 24/40 [04:55<00:52,  3.30s/it][WARN] Skipping prompt (1053 chars): Connection error.
[WARN] Skipping prompt (2864 chars): Connection error.
[WARN] Skipping prompt (2049 chars): Connection error.
[WARN] Skipping prompt (4939 chars): Connection error.
[WARN] Skipping prompt (1232 chars): Connection error.
[WARN] Skipping prompt (1102 chars): Connection error.
[WARN] Skipping prompt (955 chars): Connection error.
[WARN] Skipping prompt (1526 chars): Connection error.
[WARN] Skipping prompt (2466 chars): Connection error.
[WARN] Skipping prompt (1050 chars): Connection error.
[WARN] Skipping prompt (2460 chars): Connection error.
[WARN] Skipping prompt (1777 chars): Connection error.
[WARN] Skipping prompt (1508 chars): Connection error.
[WARN] Skipping prompt (1392 chars): Connection error.
[WARN] Skipping prompt (980 chars): Connection error.
[WARN] Skipping prompt (1042 chars): Connection error.
[WARN] Skipping prompt (1289 chars): Connection error.
[WARN] Skipping prompt (4447 chars): Connection error.
[WARN] Skipping prompt (2290 chars): Connection error.
[WARN] Skipping prompt (1499 chars): Connection error.
[WARN] Skipping prompt (1777 chars): Connection error.
[WARN] Skipping prompt (1229 chars): Connection error.
[WARN] Skipping prompt (1779 chars): Connection error.
[WARN] Skipping prompt (1019 chars): Connection error.
[WARN] Skipping prompt (1898 chars): Connection error.
[WARN] Skipping prompt (12905 chars): Connection error.
[WARN] Skipping prompt (964 chars): Connection error.
[WARN] Skipping prompt (1857 chars): Connection error.
[WARN] Skipping prompt (1635 chars): Connection error.
[WARN] Skipping prompt (1088 chars): Connection error.
[WARN] Skipping prompt (1157 chars): Connection error.
[WARN] Skipping prompt (2902 chars): Connection error.
[WARN] Skipping prompt (5666 chars): Connection error.
[WARN] Skipping prompt (4990 chars): Connection error.
[WARN] Skipping prompt (865 chars): Connection error.
[WARN] Skipping prompt (7833 chars): Connection error.
[WARN] Skipping prompt (3908 chars): Connection error.
[WARN] Skipping prompt (920 chars): Connection error.
[WARN] Skipping prompt (1318 chars): Connection error.
[WARN] Skipping prompt (1052 chars): Connection error.
[WARN] Skipping prompt (1354 chars): Connection error.
[WARN] Skipping prompt (1485 chars): Connection error.
[WARN] Skipping prompt (1498 chars): Connection error.
[WARN] Skipping prompt (1548 chars): Connection error.
[WARN] Skipping prompt (976 chars): Connection error.
[WARN] Skipping prompt (1358 chars): Connection error.
[WARN] Skipping prompt (2497 chars): Connection error.
[WARN] Skipping prompt (11007 chars): Connection error.
[WARN] Skipping prompt (1594 chars): Connection error.
[WARN] Skipping prompt (3099 chars): Connection error.
[WARN] Skipping prompt (1016 chars): Connection error.
[WARN] Skipping prompt (1196 chars): Connection error.
[WARN] Skipping prompt (1238 chars): Connection error.
[WARN] Skipping prompt (1984 chars): Connection error.
[WARN] Skipping prompt (1689 chars): Connection error.
[WARN] Skipping prompt (3937 chars): Connection error.
[WARN] Skipping prompt (4054 chars): Connection error.
[WARN] Skipping prompt (1568 chars): Connection error.
[WARN] Skipping prompt (3670 chars): Connection error.
[WARN] Skipping prompt (1261 chars): Connection error.
[WARN] Skipping prompt (1288 chars): Connection error.
[WARN] Skipping prompt (1717 chars): Connection error.
[WARN] Skipping prompt (1391 chars): Connection error.
[WARN] Skipping prompt (1364 chars): Connection error.
Inference:  62%|██████████████████████████████████████████████████████████████████▎                                       | 25/40 [04:58<00:49,  3.29s/it][WARN] Skipping prompt (2978 chars): Connection error.
[WARN] Skipping prompt (1440 chars): Connection error.
[WARN] Skipping prompt (900 chars): Connection error.
[WARN] Skipping prompt (1542 chars): Connection error.
[WARN] Skipping prompt (1598 chars): Connection error.
[WARN] Skipping prompt (1266 chars): Connection error.
[WARN] Skipping prompt (5995 chars): Connection error.
[WARN] Skipping prompt (1016 chars): Connection error.
[WARN] Skipping prompt (1043 chars): Connection error.
[WARN] Skipping prompt (1658 chars): Connection error.
[WARN] Skipping prompt (1577 chars): Connection error.
[WARN] Skipping prompt (1933 chars): Connection error.
[WARN] Skipping prompt (1410 chars): Connection error.
[WARN] Skipping prompt (1720 chars): Connection error.
[WARN] Skipping prompt (4496 chars): Connection error.
[WARN] Skipping prompt (1353 chars): Connection error.
[WARN] Skipping prompt (1252 chars): Connection error.
[WARN] Skipping prompt (3797 chars): Connection error.
[WARN] Skipping prompt (4038 chars): Connection error.
[WARN] Skipping prompt (1263 chars): Connection error.
[WARN] Skipping prompt (1521 chars): Connection error.
[WARN] Skipping prompt (1493 chars): Connection error.
[WARN] Skipping prompt (1878 chars): Connection error.
[WARN] Skipping prompt (1772 chars): Connection error.
[WARN] Skipping prompt (2550 chars): Connection error.
[WARN] Skipping prompt (3368 chars): Connection error.
[WARN] Skipping prompt (1173 chars): Connection error.
[WARN] Skipping prompt (1062 chars): Connection error.
[WARN] Skipping prompt (1680 chars): Connection error.
[WARN] Skipping prompt (1242 chars): Connection error.
[WARN] Skipping prompt (842 chars): Connection error.
[WARN] Skipping prompt (3165 chars): Connection error.
[WARN] Skipping prompt (948 chars): Connection error.
[WARN] Skipping prompt (1032 chars): Connection error.
[WARN] Skipping prompt (1939 chars): Connection error.
[WARN] Skipping prompt (1166 chars): Connection error.
[WARN] Skipping prompt (2652 chars): Connection error.
[WARN] Skipping prompt (1403 chars): Connection error.
[WARN] Skipping prompt (1471 chars): Connection error.
[WARN] Skipping prompt (986 chars): Connection error.
[WARN] Skipping prompt (1380 chars): Connection error.
[WARN] Skipping prompt (1153 chars): Connection error.
[WARN] Skipping prompt (1083 chars): Connection error.
[WARN] Skipping prompt (6297 chars): Connection error.
[WARN] Skipping prompt (5838 chars): Connection error.
[WARN] Skipping prompt (1435 chars): Connection error.
[WARN] Skipping prompt (1447 chars): Connection error.
[WARN] Skipping prompt (1331 chars): Connection error.
[WARN] Skipping prompt (2648 chars): Connection error.
[WARN] Skipping prompt (6094 chars): Connection error.
[WARN] Skipping prompt (1591 chars): Connection error.
[WARN] Skipping prompt (1122 chars): Connection error.
[WARN] Skipping prompt (1460 chars): Connection error.
[WARN] Skipping prompt (1347 chars): Connection error.
[WARN] Skipping prompt (7039 chars): Connection error.
[WARN] Skipping prompt (1128 chars): Connection error.
[WARN] Skipping prompt (5125 chars): Connection error.
[WARN] Skipping prompt (1213 chars): Connection error.
[WARN] Skipping prompt (1244 chars): Connection error.
[WARN] Skipping prompt (1364 chars): Connection error.
[WARN] Skipping prompt (1210 chars): Connection error.
[WARN] Skipping prompt (1089 chars): Connection error.
[WARN] Skipping prompt (881 chars): Connection error.
[WARN] Skipping prompt (1572 chars): Connection error.
Inference:  65%|████████████████████████████████████████████████████████████████████▉                                     | 26/40 [05:02<00:45,  3.27s/it][WARN] Skipping prompt (1198 chars): Connection error.
[WARN] Skipping prompt (1125 chars): Connection error.
[WARN] Skipping prompt (1711 chars): Connection error.
[WARN] Skipping prompt (1712 chars): Connection error.
[WARN] Skipping prompt (1677 chars): Connection error.
[WARN] Skipping prompt (1171 chars): Connection error.
[WARN] Skipping prompt (1141 chars): Connection error.
[WARN] Skipping prompt (3320 chars): Connection error.
[WARN] Skipping prompt (3009 chars): Connection error.
[WARN] Skipping prompt (1084 chars): Connection error.
[WARN] Skipping prompt (1213 chars): Connection error.
[WARN] Skipping prompt (1639 chars): Connection error.
[WARN] Skipping prompt (1122 chars): Connection error.
[WARN] Skipping prompt (1157 chars): Connection error.
[WARN] Skipping prompt (1305 chars): Connection error.
[WARN] Skipping prompt (1446 chars): Connection error.
[WARN] Skipping prompt (1241 chars): Connection error.
[WARN] Skipping prompt (1554 chars): Connection error.
[WARN] Skipping prompt (1615 chars): Connection error.
[WARN] Skipping prompt (1011 chars): Connection error.
[WARN] Skipping prompt (1199 chars): Connection error.
[WARN] Skipping prompt (2955 chars): Connection error.
[WARN] Skipping prompt (1777 chars): Connection error.
[WARN] Skipping prompt (1202 chars): Connection error.
[WARN] Skipping prompt (1289 chars): Connection error.
[WARN] Skipping prompt (1003 chars): Connection error.
[WARN] Skipping prompt (3121 chars): Connection error.
[WARN] Skipping prompt (1288 chars): Connection error.
[WARN] Skipping prompt (1181 chars): Connection error.
[WARN] Skipping prompt (892 chars): Connection error.
[WARN] Skipping prompt (1796 chars): Connection error.
[WARN] Skipping prompt (1160 chars): Connection error.
[WARN] Skipping prompt (936 chars): Connection error.
[WARN] Skipping prompt (1111 chars): Connection error.
[WARN] Skipping prompt (964 chars): Connection error.
[WARN] Skipping prompt (1966 chars): Connection error.
[WARN] Skipping prompt (1480 chars): Connection error.
[WARN] Skipping prompt (2127 chars): Connection error.
[WARN] Skipping prompt (3013 chars): Connection error.
[WARN] Skipping prompt (9927 chars): Connection error.
[WARN] Skipping prompt (2890 chars): Connection error.
[WARN] Skipping prompt (1456 chars): Connection error.
[WARN] Skipping prompt (2726 chars): Connection error.
[WARN] Skipping prompt (1185 chars): Connection error.
[WARN] Skipping prompt (1343 chars): Connection error.
[WARN] Skipping prompt (1292 chars): Connection error.
[WARN] Skipping prompt (955 chars): Connection error.
[WARN] Skipping prompt (3938 chars): Connection error.
[WARN] Skipping prompt (1655 chars): Connection error.
[WARN] Skipping prompt (1937 chars): Connection error.
[WARN] Skipping prompt (4496 chars): Connection error.
[WARN] Skipping prompt (1482 chars): Connection error.
[WARN] Skipping prompt (5495 chars): Connection error.
[WARN] Skipping prompt (1351 chars): Connection error.
[WARN] Skipping prompt (3612 chars): Connection error.
[WARN] Skipping prompt (1755 chars): Connection error.
[WARN] Skipping prompt (8985 chars): Connection error.
[WARN] Skipping prompt (2872 chars): Connection error.
[WARN] Skipping prompt (1778 chars): Connection error.
[WARN] Skipping prompt (4072 chars): Connection error.
[WARN] Skipping prompt (3074 chars): Connection error.
[WARN] Skipping prompt (2362 chars): Connection error.
[WARN] Skipping prompt (1184 chars): Connection error.
[WARN] Skipping prompt (1331 chars): Connection error.
Inference:  68%|███████████████████████████████████████████████████████████████████████▌                                  | 27/40 [05:05<00:42,  3.26s/it][WARN] Skipping prompt (1571 chars): Connection error.
[WARN] Skipping prompt (1311 chars): Connection error.
[WARN] Skipping prompt (1733 chars): Connection error.
[WARN] Skipping prompt (1251 chars): Connection error.
[WARN] Skipping prompt (1634 chars): Connection error.
[WARN] Skipping prompt (1324 chars): Connection error.
[WARN] Skipping prompt (1201 chars): Connection error.
[WARN] Skipping prompt (1428 chars): Connection error.
[WARN] Skipping prompt (1410 chars): Connection error.
[WARN] Skipping prompt (1200 chars): Connection error.
[WARN] Skipping prompt (20548 chars): Connection error.
[WARN] Skipping prompt (1038 chars): Connection error.
[WARN] Skipping prompt (1262 chars): Connection error.
[WARN] Skipping prompt (1092 chars): Connection error.
[WARN] Skipping prompt (1153 chars): Connection error.
[WARN] Skipping prompt (1564 chars): Connection error.
[WARN] Skipping prompt (1331 chars): Connection error.
[WARN] Skipping prompt (1082 chars): Connection error.
[WARN] Skipping prompt (1382 chars): Connection error.
[WARN] Skipping prompt (1741 chars): Connection error.
[WARN] Skipping prompt (1241 chars): Connection error.
[WARN] Skipping prompt (1437 chars): Connection error.
[WARN] Skipping prompt (1178 chars): Connection error.
[WARN] Skipping prompt (2458 chars): Connection error.
[WARN] Skipping prompt (1503 chars): Connection error.
[WARN] Skipping prompt (1395 chars): Connection error.
[WARN] Skipping prompt (1636 chars): Connection error.
[WARN] Skipping prompt (3009 chars): Connection error.
[WARN] Skipping prompt (1191 chars): Connection error.
[WARN] Skipping prompt (2204 chars): Connection error.
[WARN] Skipping prompt (2665 chars): Connection error.
[WARN] Skipping prompt (1750 chars): Connection error.
[WARN] Skipping prompt (1187 chars): Connection error.
[WARN] Skipping prompt (1232 chars): Connection error.
[WARN] Skipping prompt (1287 chars): Connection error.
[WARN] Skipping prompt (1580 chars): Connection error.
[WARN] Skipping prompt (5225 chars): Connection error.
[WARN] Skipping prompt (1227 chars): Connection error.
[WARN] Skipping prompt (868 chars): Connection error.
[WARN] Skipping prompt (1001 chars): Connection error.
[WARN] Skipping prompt (1105 chars): Connection error.
[WARN] Skipping prompt (1710 chars): Connection error.
[WARN] Skipping prompt (3791 chars): Connection error.
[WARN] Skipping prompt (1472 chars): Connection error.
[WARN] Skipping prompt (1340 chars): Connection error.
[WARN] Skipping prompt (962 chars): Connection error.
[WARN] Skipping prompt (1092 chars): Connection error.
[WARN] Skipping prompt (1494 chars): Connection error.
[WARN] Skipping prompt (1548 chars): Connection error.
[WARN] Skipping prompt (1334 chars): Connection error.
[WARN] Skipping prompt (1232 chars): Connection error.
[WARN] Skipping prompt (1169 chars): Connection error.
[WARN] Skipping prompt (4456 chars): Connection error.
[WARN] Skipping prompt (1030 chars): Connection error.
[WARN] Skipping prompt (2858 chars): Connection error.
[WARN] Skipping prompt (1290 chars): Connection error.
[WARN] Skipping prompt (1737 chars): Connection error.
[WARN] Skipping prompt (1533 chars): Connection error.
[WARN] Skipping prompt (4080 chars): Connection error.
[WARN] Skipping prompt (1500 chars): Connection error.
[WARN] Skipping prompt (860 chars): Connection error.
[WARN] Skipping prompt (2083 chars): Connection error.
[WARN] Skipping prompt (1345 chars): Connection error.
[WARN] Skipping prompt (1026 chars): Connection error.
Inference:  70%|██████████████████████████████████████████████████████████████████████████▏                               | 28/40 [05:08<00:39,  3.25s/it][WARN] Skipping prompt (1326 chars): Connection error.
[WARN] Skipping prompt (1700 chars): Connection error.
[WARN] Skipping prompt (1535 chars): Connection error.
[WARN] Skipping prompt (7648 chars): Connection error.
[WARN] Skipping prompt (1177 chars): Connection error.
[WARN] Skipping prompt (1995 chars): Connection error.
[WARN] Skipping prompt (1122 chars): Connection error.
[WARN] Skipping prompt (1019 chars): Connection error.
[WARN] Skipping prompt (11595 chars): Connection error.
[WARN] Skipping prompt (1289 chars): Connection error.
[WARN] Skipping prompt (1402 chars): Connection error.
[WARN] Skipping prompt (1325 chars): Connection error.
[WARN] Skipping prompt (1406 chars): Connection error.
[WARN] Skipping prompt (1682 chars): Connection error.
[WARN] Skipping prompt (2469 chars): Connection error.
[WARN] Skipping prompt (1433 chars): Connection error.
[WARN] Skipping prompt (2102 chars): Connection error.
[WARN] Skipping prompt (1202 chars): Connection error.
[WARN] Skipping prompt (1217 chars): Connection error.
[WARN] Skipping prompt (3352 chars): Connection error.
[WARN] Skipping prompt (1265 chars): Connection error.
[WARN] Skipping prompt (1296 chars): Connection error.
[WARN] Skipping prompt (1165 chars): Connection error.
[WARN] Skipping prompt (1536 chars): Connection error.
[WARN] Skipping prompt (1174 chars): Connection error.
[WARN] Skipping prompt (6374 chars): Connection error.
[WARN] Skipping prompt (2862 chars): Connection error.
[WARN] Skipping prompt (1696 chars): Connection error.
[WARN] Skipping prompt (1704 chars): Connection error.
[WARN] Skipping prompt (1236 chars): Connection error.
[WARN] Skipping prompt (952 chars): Connection error.
[WARN] Skipping prompt (958 chars): Connection error.
[WARN] Skipping prompt (916 chars): Connection error.
[WARN] Skipping prompt (1213 chars): Connection error.
[WARN] Skipping prompt (1144 chars): Connection error.
[WARN] Skipping prompt (1772 chars): Connection error.
[WARN] Skipping prompt (1069 chars): Connection error.
[WARN] Skipping prompt (1620 chars): Connection error.
[WARN] Skipping prompt (3846 chars): Connection error.
[WARN] Skipping prompt (1333 chars): Connection error.
[WARN] Skipping prompt (1470 chars): Connection error.
[WARN] Skipping prompt (1191 chars): Connection error.
[WARN] Skipping prompt (1758 chars): Connection error.
[WARN] Skipping prompt (890 chars): Connection error.
[WARN] Skipping prompt (1135 chars): Connection error.
[WARN] Skipping prompt (1106 chars): Connection error.
[WARN] Skipping prompt (953 chars): Connection error.
[WARN] Skipping prompt (995 chars): Connection error.
[WARN] Skipping prompt (1478 chars): Connection error.
[WARN] Skipping prompt (1060 chars): Connection error.
[WARN] Skipping prompt (1383 chars): Connection error.
[WARN] Skipping prompt (1838 chars): Connection error.
[WARN] Skipping prompt (1447 chars): Connection error.
[WARN] Skipping prompt (1041 chars): Connection error.
[WARN] Skipping prompt (1135 chars): Connection error.
[WARN] Skipping prompt (8754 chars): Connection error.
[WARN] Skipping prompt (1467 chars): Connection error.
[WARN] Skipping prompt (1312 chars): Connection error.
[WARN] Skipping prompt (1597 chars): Connection error.
[WARN] Skipping prompt (2060 chars): Connection error.
[WARN] Skipping prompt (1704 chars): Connection error.
[WARN] Skipping prompt (1116 chars): Connection error.
[WARN] Skipping prompt (1057 chars): Connection error.
[WARN] Skipping prompt (1669 chars): Connection error.
Inference:  72%|████████████████████████████████████████████████████████████████████████████▊                             | 29/40 [05:11<00:35,  3.25s/it][WARN] Skipping prompt (1460 chars): Connection error.
[WARN] Skipping prompt (1296 chars): Connection error.
[WARN] Skipping prompt (47497 chars): Connection error.
[WARN] Skipping prompt (1216 chars): Connection error.
[WARN] Skipping prompt (1025 chars): Connection error.
[WARN] Skipping prompt (2025 chars): Connection error.
[WARN] Skipping prompt (1049 chars): Connection error.
[WARN] Skipping prompt (9496 chars): Connection error.
[WARN] Skipping prompt (1922 chars): Connection error.
[WARN] Skipping prompt (1701 chars): Connection error.
[WARN] Skipping prompt (1372 chars): Connection error.
[WARN] Skipping prompt (1212 chars): Connection error.
[WARN] Skipping prompt (1357 chars): Connection error.
[WARN] Skipping prompt (1425 chars): Connection error.
[WARN] Skipping prompt (1020 chars): Connection error.
[WARN] Skipping prompt (1394 chars): Connection error.
[WARN] Skipping prompt (1598 chars): Connection error.
[WARN] Skipping prompt (1071 chars): Connection error.
[WARN] Skipping prompt (1224 chars): Connection error.
[WARN] Skipping prompt (1563 chars): Connection error.
[WARN] Skipping prompt (1635 chars): Connection error.
[WARN] Skipping prompt (1087 chars): Connection error.
[WARN] Skipping prompt (1645 chars): Connection error.
[WARN] Skipping prompt (1607 chars): Connection error.
[WARN] Skipping prompt (1927 chars): Connection error.
[WARN] Skipping prompt (1206 chars): Connection error.
[WARN] Skipping prompt (1086 chars): Connection error.
[WARN] Skipping prompt (1414 chars): Connection error.
[WARN] Skipping prompt (3064 chars): Connection error.
[WARN] Skipping prompt (2047 chars): Connection error.
[WARN] Skipping prompt (1230 chars): Connection error.
[WARN] Skipping prompt (1342 chars): Connection error.
[WARN] Skipping prompt (1381 chars): Connection error.
[WARN] Skipping prompt (2963 chars): Connection error.
[WARN] Skipping prompt (1162 chars): Connection error.
[WARN] Skipping prompt (4054 chars): Connection error.
[WARN] Skipping prompt (4259 chars): Connection error.
[WARN] Skipping prompt (939 chars): Connection error.
[WARN] Skipping prompt (978 chars): Connection error.
[WARN] Skipping prompt (1210 chars): Connection error.
[WARN] Skipping prompt (2865 chars): Connection error.
[WARN] Skipping prompt (4154 chars): Connection error.
[WARN] Skipping prompt (1436 chars): Connection error.
[WARN] Skipping prompt (1376 chars): Connection error.
[WARN] Skipping prompt (1735 chars): Connection error.
[WARN] Skipping prompt (1762 chars): Connection error.
[WARN] Skipping prompt (2639 chars): Connection error.
[WARN] Skipping prompt (989 chars): Connection error.
[WARN] Skipping prompt (7686 chars): Connection error.
[WARN] Skipping prompt (1471 chars): Connection error.
[WARN] Skipping prompt (1090 chars): Connection error.
[WARN] Skipping prompt (1195 chars): Connection error.
[WARN] Skipping prompt (1691 chars): Connection error.
[WARN] Skipping prompt (1406 chars): Connection error.
[WARN] Skipping prompt (919 chars): Connection error.
[WARN] Skipping prompt (2529 chars): Connection error.
[WARN] Skipping prompt (2881 chars): Connection error.
[WARN] Skipping prompt (1521 chars): Connection error.
[WARN] Skipping prompt (883 chars): Connection error.
[WARN] Skipping prompt (1196 chars): Connection error.
[WARN] Skipping prompt (4207 chars): Connection error.
[WARN] Skipping prompt (1404 chars): Connection error.
[WARN] Skipping prompt (1464 chars): Connection error.
[WARN] Skipping prompt (1087 chars): Connection error.
Inference:  75%|███████████████████████████████████████████████████████████████████████████████▌                          | 30/40 [05:15<00:32,  3.25s/it][WARN] Skipping prompt (9043 chars): Connection error.
[WARN] Skipping prompt (943 chars): Connection error.
[WARN] Skipping prompt (2404 chars): Connection error.
[WARN] Skipping prompt (944 chars): Connection error.
[WARN] Skipping prompt (3121 chars): Connection error.
[WARN] Skipping prompt (1959 chars): Connection error.
[WARN] Skipping prompt (962 chars): Connection error.
[WARN] Skipping prompt (1129 chars): Connection error.
[WARN] Skipping prompt (1597 chars): Connection error.
[WARN] Skipping prompt (1642 chars): Connection error.
[WARN] Skipping prompt (1524 chars): Connection error.
[WARN] Skipping prompt (1007 chars): Connection error.
[WARN] Skipping prompt (4132 chars): Connection error.
[WARN] Skipping prompt (1390 chars): Connection error.
[WARN] Skipping prompt (3126 chars): Connection error.
[WARN] Skipping prompt (872 chars): Connection error.
[WARN] Skipping prompt (1746 chars): Connection error.
[WARN] Skipping prompt (1563 chars): Connection error.
[WARN] Skipping prompt (1467 chars): Connection error.
[WARN] Skipping prompt (2026 chars): Connection error.
[WARN] Skipping prompt (4649 chars): Connection error.
[WARN] Skipping prompt (1214 chars): Connection error.
[WARN] Skipping prompt (1100 chars): Connection error.
[WARN] Skipping prompt (1713 chars): Connection error.
[WARN] Skipping prompt (1224 chars): Connection error.
[WARN] Skipping prompt (1292 chars): Connection error.
[WARN] Skipping prompt (927 chars): Connection error.
[WARN] Skipping prompt (3338 chars): Connection error.
[WARN] Skipping prompt (1214 chars): Connection error.
[WARN] Skipping prompt (1204 chars): Connection error.
[WARN] Skipping prompt (3480 chars): Connection error.
[WARN] Skipping prompt (1504 chars): Connection error.
[WARN] Skipping prompt (2418 chars): Connection error.
[WARN] Skipping prompt (1597 chars): Connection error.
[WARN] Skipping prompt (1714 chars): Connection error.
[WARN] Skipping prompt (3532 chars): Connection error.
[WARN] Skipping prompt (3977 chars): Connection error.
[WARN] Skipping prompt (1735 chars): Connection error.
[WARN] Skipping prompt (1574 chars): Connection error.
[WARN] Skipping prompt (900 chars): Connection error.
[WARN] Skipping prompt (1357 chars): Connection error.
[WARN] Skipping prompt (2459 chars): Connection error.
[WARN] Skipping prompt (1088 chars): Connection error.
[WARN] Skipping prompt (2876 chars): Connection error.
[WARN] Skipping prompt (1412 chars): Connection error.
[WARN] Skipping prompt (1764 chars): Connection error.
[WARN] Skipping prompt (4158 chars): Connection error.
[WARN] Skipping prompt (1600 chars): Connection error.
[WARN] Skipping prompt (5665 chars): Connection error.
[WARN] Skipping prompt (935 chars): Connection error.
[WARN] Skipping prompt (2501 chars): Connection error.
[WARN] Skipping prompt (1700 chars): Connection error.
[WARN] Skipping prompt (4461 chars): Connection error.
[WARN] Skipping prompt (1239 chars): Connection error.
[WARN] Skipping prompt (1482 chars): Connection error.
[WARN] Skipping prompt (5495 chars): Connection error.
[WARN] Skipping prompt (1790 chars): Connection error.
[WARN] Skipping prompt (964 chars): Connection error.
[WARN] Skipping prompt (1047 chars): Connection error.
[WARN] Skipping prompt (1410 chars): Connection error.
[WARN] Skipping prompt (1187 chars): Connection error.
[WARN] Skipping prompt (1412 chars): Connection error.
[WARN] Skipping prompt (1425 chars): Connection error.
[WARN] Skipping prompt (15811 chars): Connection error.
Inference:  78%|██████████████████████████████████████████████████████████████████████████████████▏                       | 31/40 [05:18<00:29,  3.25s/it][WARN] Skipping prompt (3919 chars): Connection error.
[WARN] Skipping prompt (918 chars): Connection error.
[WARN] Skipping prompt (5416 chars): Connection error.
[WARN] Skipping prompt (1846 chars): Connection error.
[WARN] Skipping prompt (1282 chars): Connection error.
[WARN] Skipping prompt (2822 chars): Connection error.
[WARN] Skipping prompt (1562 chars): Connection error.
[WARN] Skipping prompt (1406 chars): Connection error.
[WARN] Skipping prompt (1287 chars): Connection error.
[WARN] Skipping prompt (1350 chars): Connection error.
[WARN] Skipping prompt (11122 chars): Connection error.
[WARN] Skipping prompt (912 chars): Connection error.
[WARN] Skipping prompt (3704 chars): Connection error.
[WARN] Skipping prompt (1477 chars): Connection error.
[WARN] Skipping prompt (5388 chars): Connection error.
[WARN] Skipping prompt (2530 chars): Connection error.
[WARN] Skipping prompt (1443 chars): Connection error.
[WARN] Skipping prompt (1693 chars): Connection error.
[WARN] Skipping prompt (967 chars): Connection error.
[WARN] Skipping prompt (1102 chars): Connection error.
[WARN] Skipping prompt (1655 chars): Connection error.
[WARN] Skipping prompt (872 chars): Connection error.
[WARN] Skipping prompt (3202 chars): Connection error.
[WARN] Skipping prompt (1020 chars): Connection error.
[WARN] Skipping prompt (1595 chars): Connection error.
[WARN] Skipping prompt (1100 chars): Connection error.
[WARN] Skipping prompt (1011 chars): Connection error.
[WARN] Skipping prompt (1524 chars): Connection error.
[WARN] Skipping prompt (1198 chars): Connection error.
[WARN] Skipping prompt (1448 chars): Connection error.
[WARN] Skipping prompt (1654 chars): Connection error.
[WARN] Skipping prompt (878 chars): Connection error.
[WARN] Skipping prompt (1707 chars): Connection error.
[WARN] Skipping prompt (1554 chars): Connection error.
[WARN] Skipping prompt (1805 chars): Connection error.
[WARN] Skipping prompt (1259 chars): Connection error.
[WARN] Skipping prompt (4764 chars): Connection error.
[WARN] Skipping prompt (2425 chars): Connection error.
[WARN] Skipping prompt (2286 chars): Connection error.
[WARN] Skipping prompt (1323 chars): Connection error.
[WARN] Skipping prompt (1375 chars): Connection error.
[WARN] Skipping prompt (1090 chars): Connection error.
[WARN] Skipping prompt (1477 chars): Connection error.
[WARN] Skipping prompt (1076 chars): Connection error.
[WARN] Skipping prompt (1425 chars): Connection error.
[WARN] Skipping prompt (1102 chars): Connection error.
[WARN] Skipping prompt (896 chars): Connection error.
[WARN] Skipping prompt (1321 chars): Connection error.
[WARN] Skipping prompt (2053 chars): Connection error.
[WARN] Skipping prompt (1470 chars): Connection error.
[WARN] Skipping prompt (3614 chars): Connection error.
[WARN] Skipping prompt (1796 chars): Connection error.
[WARN] Skipping prompt (1211 chars): Connection error.
[WARN] Skipping prompt (1334 chars): Connection error.
[WARN] Skipping prompt (1092 chars): Connection error.
[WARN] Skipping prompt (1157 chars): Connection error.
[WARN] Skipping prompt (4693 chars): Connection error.
[WARN] Skipping prompt (1302 chars): Connection error.
[WARN] Skipping prompt (1725 chars): Connection error.
[WARN] Skipping prompt (1211 chars): Connection error.
[WARN] Skipping prompt (1073 chars): Connection error.
[WARN] Skipping prompt (1417 chars): Connection error.
[WARN] Skipping prompt (1183 chars): Connection error.
[WARN] Skipping prompt (1067 chars): Connection error.
Inference:  80%|████████████████████████████████████████████████████████████████████████████████████▊                     | 32/40 [05:21<00:26,  3.27s/it][WARN] Skipping prompt (1066 chars): Connection error.
[WARN] Skipping prompt (3158 chars): Connection error.
[WARN] Skipping prompt (897 chars): Connection error.
[WARN] Skipping prompt (1211 chars): Connection error.
[WARN] Skipping prompt (2615 chars): Connection error.
[WARN] Skipping prompt (1330 chars): Connection error.
[WARN] Skipping prompt (1786 chars): Connection error.
[WARN] Skipping prompt (939 chars): Connection error.
[WARN] Skipping prompt (1163 chars): Connection error.
[WARN] Skipping prompt (2337 chars): Connection error.
[WARN] Skipping prompt (1268 chars): Connection error.
[WARN] Skipping prompt (945 chars): Connection error.
[WARN] Skipping prompt (1177 chars): Connection error.
[WARN] Skipping prompt (1017 chars): Connection error.
[WARN] Skipping prompt (2585 chars): Connection error.
[WARN] Skipping prompt (988 chars): Connection error.
[WARN] Skipping prompt (1608 chars): Connection error.
[WARN] Skipping prompt (3158 chars): Connection error.
[WARN] Skipping prompt (3284 chars): Connection error.
[WARN] Skipping prompt (2438 chars): Connection error.
[WARN] Skipping prompt (1616 chars): Connection error.
[WARN] Skipping prompt (1551 chars): Connection error.
[WARN] Skipping prompt (2380 chars): Connection error.
[WARN] Skipping prompt (861 chars): Connection error.
[WARN] Skipping prompt (1528 chars): Connection error.
[WARN] Skipping prompt (3169 chars): Connection error.
[WARN] Skipping prompt (1234 chars): Connection error.
[WARN] Skipping prompt (1087 chars): Connection error.
[WARN] Skipping prompt (1371 chars): Connection error.
[WARN] Skipping prompt (1189 chars): Connection error.
[WARN] Skipping prompt (1377 chars): Connection error.
[WARN] Skipping prompt (1568 chars): Connection error.
[WARN] Skipping prompt (1438 chars): Connection error.
[WARN] Skipping prompt (6411 chars): Connection error.
[WARN] Skipping prompt (13774 chars): Connection error.
[WARN] Skipping prompt (1476 chars): Connection error.
[WARN] Skipping prompt (3351 chars): Connection error.
[WARN] Skipping prompt (1192 chars): Connection error.
[WARN] Skipping prompt (1616 chars): Connection error.
[WARN] Skipping prompt (1190 chars): Connection error.
[WARN] Skipping prompt (1205 chars): Connection error.
[WARN] Skipping prompt (1430 chars): Connection error.
[WARN] Skipping prompt (1117 chars): Connection error.
[WARN] Skipping prompt (1195 chars): Connection error.
[WARN] Skipping prompt (11010 chars): Connection error.
[WARN] Skipping prompt (2638 chars): Connection error.
[WARN] Skipping prompt (1527 chars): Connection error.
[WARN] Skipping prompt (1237 chars): Connection error.
[WARN] Skipping prompt (1967 chars): Connection error.
[WARN] Skipping prompt (8885 chars): Connection error.
[WARN] Skipping prompt (1278 chars): Connection error.
[WARN] Skipping prompt (3411 chars): Connection error.
[WARN] Skipping prompt (2876 chars): Connection error.
[WARN] Skipping prompt (1674 chars): Connection error.
[WARN] Skipping prompt (1025 chars): Connection error.
[WARN] Skipping prompt (1803 chars): Connection error.
[WARN] Skipping prompt (1427 chars): Connection error.
[WARN] Skipping prompt (1476 chars): Connection error.
[WARN] Skipping prompt (1790 chars): Connection error.
[WARN] Skipping prompt (1030 chars): Connection error.
[WARN] Skipping prompt (997 chars): Connection error.
[WARN] Skipping prompt (2578 chars): Connection error.
[WARN] Skipping prompt (1131 chars): Connection error.
[WARN] Skipping prompt (1410 chars): Connection error.
Inference:  82%|███████████████████████████████████████████████████████████████████████████████████████▍                  | 33/40 [05:24<00:22,  3.26s/it][WARN] Skipping prompt (3028 chars): Connection error.
[WARN] Skipping prompt (2302 chars): Connection error.
[WARN] Skipping prompt (3384 chars): Connection error.
[WARN] Skipping prompt (4773 chars): Connection error.
[WARN] Skipping prompt (1282 chars): Connection error.
[WARN] Skipping prompt (2794 chars): Connection error.
[WARN] Skipping prompt (1073 chars): Connection error.
[WARN] Skipping prompt (2221 chars): Connection error.
[WARN] Skipping prompt (1111 chars): Connection error.
[WARN] Skipping prompt (1433 chars): Connection error.
[WARN] Skipping prompt (1419 chars): Connection error.
[WARN] Skipping prompt (1689 chars): Connection error.
[WARN] Skipping prompt (1140 chars): Connection error.
[WARN] Skipping prompt (1182 chars): Connection error.
[WARN] Skipping prompt (4492 chars): Connection error.
[WARN] Skipping prompt (1031 chars): Connection error.
[WARN] Skipping prompt (1385 chars): Connection error.
[WARN] Skipping prompt (1013 chars): Connection error.
[WARN] Skipping prompt (1112 chars): Connection error.
[WARN] Skipping prompt (1080 chars): Connection error.
[WARN] Skipping prompt (4194 chars): Connection error.
[WARN] Skipping prompt (1532 chars): Connection error.
[WARN] Skipping prompt (1001 chars): Connection error.
[WARN] Skipping prompt (4835 chars): Connection error.
[WARN] Skipping prompt (1182 chars): Connection error.
[WARN] Skipping prompt (1538 chars): Connection error.
[WARN] Skipping prompt (1789 chars): Connection error.
[WARN] Skipping prompt (1776 chars): Connection error.
[WARN] Skipping prompt (845 chars): Connection error.
[WARN] Skipping prompt (1566 chars): Connection error.
[WARN] Skipping prompt (6373 chars): Connection error.
[WARN] Skipping prompt (1217 chars): Connection error.
[WARN] Skipping prompt (1185 chars): Connection error.
[WARN] Skipping prompt (20414 chars): Connection error.
[WARN] Skipping prompt (1565 chars): Connection error.
[WARN] Skipping prompt (2210 chars): Connection error.
[WARN] Skipping prompt (949 chars): Connection error.
[WARN] Skipping prompt (1621 chars): Connection error.
[WARN] Skipping prompt (1367 chars): Connection error.
[WARN] Skipping prompt (1207 chars): Connection error.
[WARN] Skipping prompt (1085 chars): Connection error.
[WARN] Skipping prompt (1467 chars): Connection error.
[WARN] Skipping prompt (4202 chars): Connection error.
[WARN] Skipping prompt (4427 chars): Connection error.
[WARN] Skipping prompt (967 chars): Connection error.
[WARN] Skipping prompt (867 chars): Connection error.
[WARN] Skipping prompt (941 chars): Connection error.
[WARN] Skipping prompt (1307 chars): Connection error.
[WARN] Skipping prompt (1231 chars): Connection error.
[WARN] Skipping prompt (4433 chars): Connection error.
[WARN] Skipping prompt (19608 chars): Connection error.
[WARN] Skipping prompt (1650 chars): Connection error.
[WARN] Skipping prompt (1408 chars): Connection error.
[WARN] Skipping prompt (1110 chars): Connection error.
[WARN] Skipping prompt (1229 chars): Connection error.
[WARN] Skipping prompt (2643 chars): Connection error.
[WARN] Skipping prompt (1518 chars): Connection error.
[WARN] Skipping prompt (1766 chars): Connection error.
[WARN] Skipping prompt (4425 chars): Connection error.
[WARN] Skipping prompt (1793 chars): Connection error.
[WARN] Skipping prompt (4230 chars): Connection error.
[WARN] Skipping prompt (917 chars): Connection error.
[WARN] Skipping prompt (1208 chars): Connection error.
[WARN] Skipping prompt (1306 chars): Connection error.
Inference:  85%|██████████████████████████████████████████████████████████████████████████████████████████                | 34/40 [05:28<00:19,  3.26s/it][WARN] Skipping prompt (3577 chars): Connection error.
[WARN] Skipping prompt (1186 chars): Connection error.
[WARN] Skipping prompt (4429 chars): Connection error.
[WARN] Skipping prompt (1602 chars): Connection error.
[WARN] Skipping prompt (1278 chars): Connection error.
[WARN] Skipping prompt (958 chars): Connection error.
[WARN] Skipping prompt (3457 chars): Connection error.
[WARN] Skipping prompt (1400 chars): Connection error.
[WARN] Skipping prompt (1260 chars): Connection error.
[WARN] Skipping prompt (1038 chars): Connection error.
[WARN] Skipping prompt (2388 chars): Connection error.
[WARN] Skipping prompt (935 chars): Connection error.
[WARN] Skipping prompt (1318 chars): Connection error.
[WARN] Skipping prompt (3077 chars): Connection error.
[WARN] Skipping prompt (994 chars): Connection error.
[WARN] Skipping prompt (1274 chars): Connection error.
[WARN] Skipping prompt (4748 chars): Connection error.
[WARN] Skipping prompt (1387 chars): Connection error.
[WARN] Skipping prompt (1144 chars): Connection error.
[WARN] Skipping prompt (2366 chars): Connection error.
[WARN] Skipping prompt (2800 chars): Connection error.
[WARN] Skipping prompt (4874 chars): Connection error.
[WARN] Skipping prompt (1176 chars): Connection error.
[WARN] Skipping prompt (1544 chars): Connection error.
[WARN] Skipping prompt (3441 chars): Connection error.
[WARN] Skipping prompt (1340 chars): Connection error.
[WARN] Skipping prompt (1064 chars): Connection error.
[WARN] Skipping prompt (1019 chars): Connection error.
[WARN] Skipping prompt (918 chars): Connection error.
[WARN] Skipping prompt (1140 chars): Connection error.
[WARN] Skipping prompt (3705 chars): Connection error.
[WARN] Skipping prompt (4626 chars): Connection error.
[WARN] Skipping prompt (3987 chars): Connection error.
[WARN] Skipping prompt (1426 chars): Connection error.
[WARN] Skipping prompt (1039 chars): Connection error.
[WARN] Skipping prompt (873 chars): Connection error.
[WARN] Skipping prompt (1071 chars): Connection error.
[WARN] Skipping prompt (870 chars): Connection error.
[WARN] Skipping prompt (1516 chars): Connection error.
[WARN] Skipping prompt (1026 chars): Connection error.
[WARN] Skipping prompt (1354 chars): Connection error.
[WARN] Skipping prompt (21759 chars): Connection error.
[WARN] Skipping prompt (2122 chars): Connection error.
[WARN] Skipping prompt (3568 chars): Connection error.
[WARN] Skipping prompt (3469 chars): Connection error.
[WARN] Skipping prompt (1240 chars): Connection error.
[WARN] Skipping prompt (1110 chars): Connection error.
[WARN] Skipping prompt (3398 chars): Connection error.
[WARN] Skipping prompt (4966 chars): Connection error.
[WARN] Skipping prompt (1136 chars): Connection error.
[WARN] Skipping prompt (1840 chars): Connection error.
[WARN] Skipping prompt (3570 chars): Connection error.
[WARN] Skipping prompt (1352 chars): Connection error.
[WARN] Skipping prompt (2086 chars): Connection error.
[WARN] Skipping prompt (1382 chars): Connection error.
[WARN] Skipping prompt (7297 chars): Connection error.
[WARN] Skipping prompt (1543 chars): Connection error.
[WARN] Skipping prompt (1631 chars): Connection error.
[WARN] Skipping prompt (5454 chars): Connection error.
[WARN] Skipping prompt (1704 chars): Connection error.
[WARN] Skipping prompt (1356 chars): Connection error.
[WARN] Skipping prompt (957 chars): Connection error.
[WARN] Skipping prompt (1506 chars): Connection error.
[WARN] Skipping prompt (930 chars): Connection error.
Inference:  88%|████████████████████████████████████████████████████████████████████████████████████████████▊             | 35/40 [05:31<00:16,  3.24s/it][WARN] Skipping prompt (2948 chars): Connection error.
[WARN] Skipping prompt (1551 chars): Connection error.
[WARN] Skipping prompt (1145 chars): Connection error.
[WARN] Skipping prompt (1967 chars): Connection error.
[WARN] Skipping prompt (1591 chars): Connection error.
[WARN] Skipping prompt (862 chars): Connection error.
[WARN] Skipping prompt (1090 chars): Connection error.
[WARN] Skipping prompt (963 chars): Connection error.
[WARN] Skipping prompt (1179 chars): Connection error.
[WARN] Skipping prompt (1005 chars): Connection error.
[WARN] Skipping prompt (1287 chars): Connection error.
[WARN] Skipping prompt (1260 chars): Connection error.
[WARN] Skipping prompt (1525 chars): Connection error.
[WARN] Skipping prompt (1605 chars): Connection error.
[WARN] Skipping prompt (1451 chars): Connection error.
[WARN] Skipping prompt (4045 chars): Connection error.
[WARN] Skipping prompt (945 chars): Connection error.
[WARN] Skipping prompt (1278 chars): Connection error.
[WARN] Skipping prompt (1493 chars): Connection error.
[WARN] Skipping prompt (1459 chars): Connection error.
[WARN] Skipping prompt (1251 chars): Connection error.
[WARN] Skipping prompt (5625 chars): Connection error.
[WARN] Skipping prompt (1220 chars): Connection error.
[WARN] Skipping prompt (1235 chars): Connection error.
[WARN] Skipping prompt (1418 chars): Connection error.
[WARN] Skipping prompt (2826 chars): Connection error.
[WARN] Skipping prompt (1019 chars): Connection error.
[WARN] Skipping prompt (1387 chars): Connection error.
[WARN] Skipping prompt (5133 chars): Connection error.
[WARN] Skipping prompt (2314 chars): Connection error.
[WARN] Skipping prompt (875 chars): Connection error.
[WARN] Skipping prompt (1661 chars): Connection error.
[WARN] Skipping prompt (1283 chars): Connection error.
[WARN] Skipping prompt (1614 chars): Connection error.
[WARN] Skipping prompt (2638 chars): Connection error.
[WARN] Skipping prompt (1693 chars): Connection error.
[WARN] Skipping prompt (1175 chars): Connection error.
[WARN] Skipping prompt (1418 chars): Connection error.
[WARN] Skipping prompt (1861 chars): Connection error.
[WARN] Skipping prompt (3182 chars): Connection error.
[WARN] Skipping prompt (1670 chars): Connection error.
[WARN] Skipping prompt (1107 chars): Connection error.
[WARN] Skipping prompt (1904 chars): Connection error.
[WARN] Skipping prompt (1435 chars): Connection error.
[WARN] Skipping prompt (980 chars): Connection error.
[WARN] Skipping prompt (1333 chars): Connection error.
[WARN] Skipping prompt (1409 chars): Connection error.
[WARN] Skipping prompt (1828 chars): Connection error.
[WARN] Skipping prompt (1127 chars): Connection error.
[WARN] Skipping prompt (3169 chars): Connection error.
[WARN] Skipping prompt (2182 chars): Connection error.
[WARN] Skipping prompt (941 chars): Connection error.
[WARN] Skipping prompt (1609 chars): Connection error.
[WARN] Skipping prompt (1092 chars): Connection error.
[WARN] Skipping prompt (1349 chars): Connection error.
[WARN] Skipping prompt (1116 chars): Connection error.
[WARN] Skipping prompt (1476 chars): Connection error.
[WARN] Skipping prompt (1337 chars): Connection error.
[WARN] Skipping prompt (1696 chars): Connection error.
[WARN] Skipping prompt (985 chars): Connection error.
[WARN] Skipping prompt (4447 chars): Connection error.
[WARN] Skipping prompt (2496 chars): Connection error.
[WARN] Skipping prompt (1075 chars): Connection error.
[WARN] Skipping prompt (1522 chars): Connection error.
Inference:  90%|███████████████████████████████████████████████████████████████████████████████████████████████▍          | 36/40 [05:34<00:12,  3.25s/it][WARN] Skipping prompt (1378 chars): Connection error.
[WARN] Skipping prompt (1367 chars): Connection error.
[WARN] Skipping prompt (1684 chars): Connection error.
[WARN] Skipping prompt (2523 chars): Connection error.
[WARN] Skipping prompt (1808 chars): Connection error.
[WARN] Skipping prompt (1585 chars): Connection error.
[WARN] Skipping prompt (1137 chars): Connection error.
[WARN] Skipping prompt (1184 chars): Connection error.
[WARN] Skipping prompt (1296 chars): Connection error.
[WARN] Skipping prompt (1213 chars): Connection error.
[WARN] Skipping prompt (3195 chars): Connection error.
[WARN] Skipping prompt (3268 chars): Connection error.
[WARN] Skipping prompt (1304 chars): Connection error.
[WARN] Skipping prompt (1425 chars): Connection error.
[WARN] Skipping prompt (1015 chars): Connection error.
[WARN] Skipping prompt (7211 chars): Connection error.
[WARN] Skipping prompt (1770 chars): Connection error.
[WARN] Skipping prompt (1683 chars): Connection error.
[WARN] Skipping prompt (1148 chars): Connection error.
[WARN] Skipping prompt (1555 chars): Connection error.
[WARN] Skipping prompt (1467 chars): Connection error.
[WARN] Skipping prompt (1547 chars): Connection error.
[WARN] Skipping prompt (881 chars): Connection error.
[WARN] Skipping prompt (1403 chars): Connection error.
[WARN] Skipping prompt (1228 chars): Connection error.
[WARN] Skipping prompt (8891 chars): Connection error.
[WARN] Skipping prompt (1521 chars): Connection error.
[WARN] Skipping prompt (1387 chars): Connection error.
[WARN] Skipping prompt (1540 chars): Connection error.
[WARN] Skipping prompt (958 chars): Connection error.
[WARN] Skipping prompt (1297 chars): Connection error.
[WARN] Skipping prompt (1302 chars): Connection error.
[WARN] Skipping prompt (1503 chars): Connection error.
[WARN] Skipping prompt (1138 chars): Connection error.
[WARN] Skipping prompt (1018 chars): Connection error.
[WARN] Skipping prompt (1256 chars): Connection error.
[WARN] Skipping prompt (3550 chars): Connection error.
[WARN] Skipping prompt (3644 chars): Connection error.
[WARN] Skipping prompt (2335 chars): Connection error.
[WARN] Skipping prompt (4501 chars): Connection error.
[WARN] Skipping prompt (12152 chars): Connection error.
[WARN] Skipping prompt (5077 chars): Connection error.
[WARN] Skipping prompt (1352 chars): Connection error.
[WARN] Skipping prompt (1677 chars): Connection error.
[WARN] Skipping prompt (3499 chars): Connection error.
[WARN] Skipping prompt (4800 chars): Connection error.
[WARN] Skipping prompt (1070 chars): Connection error.
[WARN] Skipping prompt (2228 chars): Connection error.
[WARN] Skipping prompt (4725 chars): Connection error.
[WARN] Skipping prompt (1001 chars): Connection error.
[WARN] Skipping prompt (1443 chars): Connection error.
[WARN] Skipping prompt (2188 chars): Connection error.
[WARN] Skipping prompt (1702 chars): Connection error.
[WARN] Skipping prompt (1727 chars): Connection error.
[WARN] Skipping prompt (1404 chars): Connection error.
[WARN] Skipping prompt (1611 chars): Connection error.
[WARN] Skipping prompt (999 chars): Connection error.
[WARN] Skipping prompt (1942 chars): Connection error.
[WARN] Skipping prompt (1749 chars): Connection error.
[WARN] Skipping prompt (1182 chars): Connection error.
[WARN] Skipping prompt (1779 chars): Connection error.
[WARN] Skipping prompt (1326 chars): Connection error.
[WARN] Skipping prompt (1293 chars): Connection error.
[WARN] Skipping prompt (2642 chars): Connection error.
Inference:  92%|██████████████████████████████████████████████████████████████████████████████████████████████████        | 37/40 [05:37<00:09,  3.24s/it][WARN] Skipping prompt (975 chars): Connection error.
[WARN] Skipping prompt (1729 chars): Connection error.
[WARN] Skipping prompt (3271 chars): Connection error.
[WARN] Skipping prompt (1755 chars): Connection error.
[WARN] Skipping prompt (1347 chars): Connection error.
[WARN] Skipping prompt (1159 chars): Connection error.
[WARN] Skipping prompt (995 chars): Connection error.
[WARN] Skipping prompt (1749 chars): Connection error.
[WARN] Skipping prompt (1317 chars): Connection error.
[WARN] Skipping prompt (1687 chars): Connection error.
[WARN] Skipping prompt (4345 chars): Connection error.
[WARN] Skipping prompt (1340 chars): Connection error.
[WARN] Skipping prompt (1730 chars): Connection error.
[WARN] Skipping prompt (3122 chars): Connection error.
[WARN] Skipping prompt (2875 chars): Connection error.
[WARN] Skipping prompt (1125 chars): Connection error.
[WARN] Skipping prompt (1020 chars): Connection error.
[WARN] Skipping prompt (1512 chars): Connection error.
[WARN] Skipping prompt (1192 chars): Connection error.
[WARN] Skipping prompt (1347 chars): Connection error.
[WARN] Skipping prompt (3183 chars): Connection error.
[WARN] Skipping prompt (1737 chars): Connection error.
[WARN] Skipping prompt (1571 chars): Connection error.
[WARN] Skipping prompt (2924 chars): Connection error.
[WARN] Skipping prompt (8887 chars): Connection error.
[WARN] Skipping prompt (1053 chars): Connection error.
[WARN] Skipping prompt (1188 chars): Connection error.
[WARN] Skipping prompt (1336 chars): Connection error.
[WARN] Skipping prompt (1142 chars): Connection error.
[WARN] Skipping prompt (1145 chars): Connection error.
[WARN] Skipping prompt (1535 chars): Connection error.
[WARN] Skipping prompt (1339 chars): Connection error.
[WARN] Skipping prompt (3465 chars): Connection error.
[WARN] Skipping prompt (4592 chars): Connection error.
[WARN] Skipping prompt (2267 chars): Connection error.
[WARN] Skipping prompt (1441 chars): Connection error.
[WARN] Skipping prompt (1065 chars): Connection error.
[WARN] Skipping prompt (894 chars): Connection error.
[WARN] Skipping prompt (7941 chars): Connection error.
[WARN] Skipping prompt (2899 chars): Connection error.
[WARN] Skipping prompt (4102 chars): Connection error.
[WARN] Skipping prompt (1240 chars): Connection error.
[WARN] Skipping prompt (2977 chars): Connection error.
[WARN] Skipping prompt (1209 chars): Connection error.
[WARN] Skipping prompt (982 chars): Connection error.
[WARN] Skipping prompt (3633 chars): Connection error.
[WARN] Skipping prompt (1786 chars): Connection error.
[WARN] Skipping prompt (851 chars): Connection error.
[WARN] Skipping prompt (1184 chars): Connection error.
[WARN] Skipping prompt (1638 chars): Connection error.
[WARN] Skipping prompt (4771 chars): Connection error.
[WARN] Skipping prompt (915 chars): Connection error.
[WARN] Skipping prompt (1710 chars): Connection error.
[WARN] Skipping prompt (1251 chars): Connection error.
[WARN] Skipping prompt (3101 chars): Connection error.
[WARN] Skipping prompt (924 chars): Connection error.
[WARN] Skipping prompt (1576 chars): Connection error.
[WARN] Skipping prompt (1723 chars): Connection error.
[WARN] Skipping prompt (1402 chars): Connection error.
[WARN] Skipping prompt (1311 chars): Connection error.
[WARN] Skipping prompt (1106 chars): Connection error.
[WARN] Skipping prompt (1514 chars): Connection error.
[WARN] Skipping prompt (1031 chars): Connection error.
[WARN] Skipping prompt (1314 chars): Connection error.
Inference:  95%|████████████████████████████████████████████████████████████████████████████████████████████████████▋     | 38/40 [05:41<00:06,  3.24s/it][WARN] Skipping prompt (7767 chars): Connection error.
[WARN] Skipping prompt (2270 chars): Connection error.
[WARN] Skipping prompt (1285 chars): Connection error.
[WARN] Skipping prompt (1931 chars): Connection error.
[WARN] Skipping prompt (1740 chars): Connection error.
[WARN] Skipping prompt (1590 chars): Connection error.
[WARN] Skipping prompt (1207 chars): Connection error.
[WARN] Skipping prompt (1178 chars): Connection error.
[WARN] Skipping prompt (1692 chars): Connection error.
[WARN] Skipping prompt (1382 chars): Connection error.
[WARN] Skipping prompt (1576 chars): Connection error.
[WARN] Skipping prompt (4282 chars): Connection error.
[WARN] Skipping prompt (1146 chars): Connection error.
[WARN] Skipping prompt (1612 chars): Connection error.
[WARN] Skipping prompt (942 chars): Connection error.
[WARN] Skipping prompt (1557 chars): Connection error.
[WARN] Skipping prompt (1038 chars): Connection error.
[WARN] Skipping prompt (1486 chars): Connection error.
[WARN] Skipping prompt (1206 chars): Connection error.
[WARN] Skipping prompt (2439 chars): Connection error.
[WARN] Skipping prompt (1378 chars): Connection error.
[WARN] Skipping prompt (1074 chars): Connection error.
[WARN] Skipping prompt (999 chars): Connection error.
[WARN] Skipping prompt (1984 chars): Connection error.
[WARN] Skipping prompt (1234 chars): Connection error.
[WARN] Skipping prompt (1231 chars): Connection error.
[WARN] Skipping prompt (1224 chars): Connection error.
[WARN] Skipping prompt (1007 chars): Connection error.
[WARN] Skipping prompt (1882 chars): Connection error.
[WARN] Skipping prompt (1214 chars): Connection error.
[WARN] Skipping prompt (4648 chars): Connection error.
[WARN] Skipping prompt (1511 chars): Connection error.
[WARN] Skipping prompt (3570 chars): Connection error.
[WARN] Skipping prompt (2694 chars): Connection error.
[WARN] Skipping prompt (1496 chars): Connection error.
[WARN] Skipping prompt (1911 chars): Connection error.
[WARN] Skipping prompt (1348 chars): Connection error.
[WARN] Skipping prompt (1504 chars): Connection error.
[WARN] Skipping prompt (1460 chars): Connection error.
[WARN] Skipping prompt (4692 chars): Connection error.
[WARN] Skipping prompt (1831 chars): Connection error.
[WARN] Skipping prompt (4538 chars): Connection error.
[WARN] Skipping prompt (1675 chars): Connection error.
[WARN] Skipping prompt (1146 chars): Connection error.
[WARN] Skipping prompt (1319 chars): Connection error.
[WARN] Skipping prompt (3346 chars): Connection error.
[WARN] Skipping prompt (1025 chars): Connection error.
[WARN] Skipping prompt (1163 chars): Connection error.
[WARN] Skipping prompt (1372 chars): Connection error.
[WARN] Skipping prompt (1308 chars): Connection error.
[WARN] Skipping prompt (1242 chars): Connection error.
[WARN] Skipping prompt (954 chars): Connection error.
[WARN] Skipping prompt (1262 chars): Connection error.
[WARN] Skipping prompt (1455 chars): Connection error.
[WARN] Skipping prompt (4219 chars): Connection error.
[WARN] Skipping prompt (1652 chars): Connection error.
[WARN] Skipping prompt (4818 chars): Connection error.
[WARN] Skipping prompt (8515 chars): Connection error.
[WARN] Skipping prompt (4091 chars): Connection error.
[WARN] Skipping prompt (1667 chars): Connection error.
[WARN] Skipping prompt (1758 chars): Connection error.
[WARN] Skipping prompt (1312 chars): Connection error.
[WARN] Skipping prompt (1286 chars): Connection error.
[WARN] Skipping prompt (2222 chars): Connection error.
Inference:  98%|███████████████████████████████████████████████████████████████████████████████████████████████████████▎  | 39/40 [05:44<00:03,  3.24s/it][WARN] Skipping prompt (2979 chars): Connection error.
[WARN] Skipping prompt (1207 chars): Connection error.
[WARN] Skipping prompt (1376 chars): Connection error.
[WARN] Skipping prompt (3102 chars): Connection error.
[WARN] Skipping prompt (1093 chars): Connection error.
[WARN] Skipping prompt (3964 chars): Connection error.
[WARN] Skipping prompt (1526 chars): Connection error.
[WARN] Skipping prompt (898 chars): Connection error.
[WARN] Skipping prompt (2134 chars): Connection error.
[WARN] Skipping prompt (1267 chars): Connection error.
[WARN] Skipping prompt (1991 chars): Connection error.
[WARN] Skipping prompt (3042 chars): Connection error.
[WARN] Skipping prompt (1797 chars): Connection error.
[WARN] Skipping prompt (1589 chars): Connection error.
[WARN] Skipping prompt (1515 chars): Connection error.
[WARN] Skipping prompt (2069 chars): Connection error.
[WARN] Skipping prompt (1122 chars): Connection error.
[WARN] Skipping prompt (1108 chars): Connection error.
[WARN] Skipping prompt (1234 chars): Connection error.
[WARN] Skipping prompt (976 chars): Connection error.
[WARN] Skipping prompt (3583 chars): Connection error.
[WARN] Skipping prompt (3900 chars): Connection error.
[WARN] Skipping prompt (3085 chars): Connection error.
[WARN] Skipping prompt (3533 chars): Connection error.
[WARN] Skipping prompt (1132 chars): Connection error.
[WARN] Skipping prompt (1906 chars): Connection error.
[WARN] Skipping prompt (1334 chars): Connection error.
[WARN] Skipping prompt (2511 chars): Connection error.
[WARN] Skipping prompt (1402 chars): Connection error.
[WARN] Skipping prompt (1489 chars): Connection error.
Inference: 100%|██████████████████████████████████████████████████████████████████████████████████████████████████████████| 40/40 [05:47<00:00,  3.16s/it]Inference: 100%|██████████████████████████████████████████████████████████████████████████████████████████████████████████| 40/40 [05:47<00:00,  8.68s/it]
Time used: 347.3835825920105
Each batch time: 8.684589564800262
